,Gender,Age_at_diagnosis,IDH1,TP53,ATRX,PTEN,EGFR,CIC,MUC16,PIK3CA,NF1,PIK3R1,FUBP1,RB1,NOTCH1,BCOR,CSMD3,SMARCA4,GRIN2A,IDH2,FAT4,PDGFRA,Primary Diagnosis,Grade
0,0,51.3,1,0,0,0,0,0,0,1,0,0,1,0,0,0,0,0,0,0,0,0,4,0
1,0,38.72,1,0,0,0,0,1,0,0,0,0,0,0,0,0,0,0,0,0,0,0,3,0
2,0,35.17,1,1,1,0,0,0,0,0,0,0,0,0,0,0,0,0,0,0,0,0,0,0
3,1,32.78,1,1,1,0,0,0,1,0,0,1,0,0,0,0,0,0,0,0,1,0,1,0
4,0,31.51,1,1,1,0,0,0,0,0,0,0,0,0,0,0,0,0,0,0,0,0,1,0
5,1,33.21,1,0,1,0,0,0,0,0,0,0,0,0,0,0,0,0,0,0,0,0,3,0
6,1,35.19,1,1,0,0,0,0,0,0,0,0,0,0,0,0,0,0,0,0,0,0,5,0
7,1,44.65,1,1,1,0,0,0,0,0,0,0,0,0,0,0,0,0,0,0,0,0,3,0
8,1,33.96,1,1,1,0,0,0,0,0,0,0,0,0,0,0,0,0,0,0,0,0,4,0
9,0,87.0,0,0,0,0,0,0,0,0,0,0,0,0,0,0,0,0,0,0,0,0,4,0
10,0,51.9,0,0,0,0,0,0,0,0,0,0,0,0,0,0,0,0,0,0,0,0,3,0
11,0,54.26,1,0,0,0,0,1,0,1,0,1,0,0,1,0,0,0,0,0,0,0,5,0
12,0,52.59,0,0,0,1,0,0,0,0,1,0,0,0,0,0,0,0,0,0,1,0,1,0
13,0,47.34,1,1,1,0,0,0,0,0,0,0,0,0,0,0,0,0,0,0,0,0,0,0
14,0,34.36,0,0,0,0,0,0,0,0,1,0,0,0,1,0,0,0,0,1,0,0,5,0
15,1,40.53,1,0,1,0,0,0,0,0,0,0,0,0,0,0,0,0,0,0,0,0,3,0
16,1,53.96,1,0,0,0,0,0,0,0,0,0,0,0,0,0,0,0,0,0,0,0,3,0
17,1,41.19,1,0,0,0,0,0,0,1,0,0,0,0,0,0,0,0,0,0,0,0,5,0
18,1,43.44,1,1,1,0,0,0,0,0,0,0,0,0,0,0,0,0,0,0,0,0,1,0
19,1,37.44,1,1,1,0,0,0,0,0,0,0,0,0,0,0,0,0,0,0,0,0,3,0
20,1,47.47,1,1,0,0,0,0,0,0,0,0,0,0,0,0,0,0,0,0,0,0,3,0
21,1,31.02,1,1,1,0,0,0,0,0,0,0,0,0,0,0,0,0,0,0,0,0,0,0
22,0,25.52,1,1,1,0,0,0,0,0,0,0,0,0,0,0,0,0,0,0,0,0,3,0
23,0,66.84,0,1,0,0,0,0,0,1,0,0,0,0,0,0,0,0,0,0,0,0,1,0
24,0,56.68,0,0,0,0,0,0,0,0,0,1,0,0,0,0,0,0,0,0,0,0,4,0
25,0,35.99,0,0,0,0,0,0,0,1,0,0,0,0,0,0,0,0,0,1,0,0,5,0
26,0,51.99,1,0,0,0,0,1,0,0,0,0,0,0,0,0,0,0,0,0,0,0,4,0
27,0,37.09,1,0,0,0,0,0,0,0,0,0,0,0,0,0,0,0,0,0,0,0,4,0
28,0,54.5,0,1,1,0,0,0,1,0,0,0,0,0,1,0,0,0,0,0,0,0,4,0
29,0,32.21,0,1,1,0,0,0,1,0,0,0,0,0,0,0,0,0,0,1,0,0,4,0
30,1,65.08,0,0,0,1,0,0,0,0,0,0,0,0,0,0,0,0,0,0,0,0,1,0
31,0,43.36,1,1,0,0,0,0,0,0,0,0,0,0,0,0,0,0,0,0,0,0,3,0
32,1,51.16,0,0,0,0,0,0,0,1,0,0,0,0,0,0,0,0,0,0,0,0,1,0
33,0,43.61,1,0,0,0,0,1,0,1,0,0,1,0,0,0,0,0,0,0,0,0,4,0
34,0,25.59,1,0,0,0,0,1,0,0,0,0,0,0,0,0,0,0,0,0,0,0,5,0
35,1,45.07,1,0,0,0,0,1,0,0,0,0,0,0,0,0,0,0,0,0,0,0,4,0
36,1,50.42,1,0,0,0,0,1,0,0,0,0,1,0,0,0,0,0,0,0,0,0,4,0
37,0,27.45,1,0,0,0,0,0,0,0,0,0,0,0,1,0,0,0,0,0,0,0,4,0
38,1,53.69,1,1,0,0,0,0,0,0,0,1,1,0,1,0,0,0,0,0,0,0,5,0
39,1,46.39,0,0,0,0,0,0,0,0,0,0,0,0,0,0,0,0,0,0,0,0,1,0
40,1,24.65,1,0,1,0,0,0,0,0,0,0,0,0,0,0,0,0,0,0,0,0,0,0
41,0,34.19,1,0,0,0,0,1,0,0,0,0,0,0,0,0,0,0,0,0,0,0,4,0
42,1,29.54,0,0,0,0,0,1,0,0,0,0,0,0,0,0,0,0,0,1,0,0,3,0
43,1,45.34,0,0,0,0,1,0,0,1,0,0,0,0,0,0,0,0,1,0,0,0,1,0
44,0,62.25,1,0,0,1,0,1,0,0,0,0,0,0,0,0,0,0,0,0,0,0,4,0
45,0,46.61,1,0,0,0,0,1,0,0,0,0,1,0,0,0,0,0,0,0,0,0,5,0
46,1,36.68,1,1,1,0,0,0,0,0,0,0,0,0,1,0,0,0,0,0,0,0,0,0
47,1,62.55,1,0,0,0,0,0,0,0,0,0,0,0,0,0,0,0,0,0,0,0,4,0
48,0,70.44,0,1,0,0,1,0,0,1,0,0,0,0,0,0,0,0,0,0,0,0,5,0
49,1,53.11,1,1,0,0,0,0,0,0,0,0,0,0,0,0,0,0,0,0,0,0,5,0
50,1,48.34,1,0,0,0,0,1,0,0,0,0,0,0,0,1,0,0,0,0,0,0,5,0
51,0,40.19,1,0,0,1,0,1,0,1,0,0,0,0,0,0,0,0,0,0,0,0,5,0
52,1,40.02,1,1,0,0,0,0,1,0,0,0,0,0,0,0,0,0,0,0,0,0,3,0
53,1,20.98,0,0,0,0,0,0,0,0,0,0,0,0,0,0,0,0,0,0,0,0,4,0
54,1,57.55,1,0,0,0,0,1,0,1,0,0,0,0,1,0,0,1,0,0,0,0,5,0
55,0,38.88,1,0,1,0,0,0,0,0,0,0,0,0,0,0,0,0,0,0,0,0,3,0
56,0,52.53,1,0,0,0,0,1,0,0,0,0,0,0,1,0,0,0,0,0,0,0,5,0
57,1,56.28,1,0,1,0,0,1,0,0,0,0,1,0,1,0,0,0,0,0,0,0,5,0
58,0,59.75,0,1,0,0,0,0,0,0,0,0,0,0,0,0,0,0,0,0,0,0,1,0
59,0,67.29,0,0,0,0,0,0,0,0,0,0,0,0,0,0,0,0,0,0,0,0,1,0
60,1,48.95,1,1,1,0,0,0,1,1,0,0,0,0,0,0,0,0,0,0,0,0,3,0
61,1,59.7,0,0,0,0,0,1,0,0,0,0,1,0,0,0,0,0,0,1,1,0,5,0
62,1,58.4,1,1,1,0,0,0,1,0,0,0,0,0,0,0,0,0,0,0,1,0,4,0
63,0,27.68,1,1,1,0,0,0,0,1,0,0,0,0,0,1,0,0,0,0,0,0,0,0
64,1,51.63,1,0,0,0,0,1,1,0,0,0,0,0,0,0,0,0,0,0,0,0,5,0
65,1,74.03,0,0,0,1,1,0,0,0,0,0,0,0,0,0,0,0,0,0,0,0,1,0
66,0,52.63,1,0,0,0,0,1,0,0,0,0,0,0,0,0,0,0,0,0,0,0,4,0
67,0,61.17,1,1,1,0,0,0,1,0,0,0,0,0,0,0,0,0,0,0,0,0,3,0
68,0,66.4,0,0,0,1,1,0,1,0,1,0,0,0,0,0,0,0,0,0,0,0,0,0
69,1,42.09,0,0,0,0,0,1,0,0,0,0,0,0,0,1,0,0,0,1,0,0,4,0
70,1,48.73,1,0,0,0,0,1,0,1,0,0,0,0,0,0,0,0,0,0,0,0,4,0
71,0,33.93,1,1,1,0,0,0,0,0,0,0,0,0,0,0,0,0,0,0,0,0,3,0
72,1,34.58,1,1,0,0,0,0,1,0,0,0,0,0,0,0,0,0,0,0,0,0,0,0
73,0,24.15,1,1,0,0,0,0,1,0,0,0,0,0,0,0,0,0,0,0,0,0,0,0
74,1,55.13,1,0,0,0,0,1,1,1,0,0,1,0,1,0,0,0,0,0,0,0,5,0
75,0,27.88,1,1,0,0,0,0,0,0,0,0,0,0,0,0,0,0,0,0,0,0,3,0
76,0,29.09,1,1,1,0,0,0,1,0,0,0,0,0,0,0,0,0,0,0,0,0,3,0
77,1,39.36,1,1,0,0,0,0,0,0,0,0,0,0,0,0,0,0,0,0,1,0,0,0
78,0,70.01,0,0,1,0,0,0,0,0,1,0,0,0,0,0,0,0,0,0,0,0,1,0
79,1,30.93,1,0,0,0,0,1,0,0,0,0,0,0,1,0,0,0,0,0,0,0,4,0
80,0,39.49,1,0,0,0,0,1,0,0,0,1,1,0,0,0,0,0,0,0,0,0,3,0
81,1,25.11,1,0,0,0,0,1,0,0,0,0,0,0,0,0,0,0,0,0,0,1,4,0
82,0,48.44,0,0,0,0,1,0,0,0,0,0,0,0,0,0,0,0,0,0,0,0,1,0
83,1,57.05,1,0,0,0,0,1,0,0,0,0,0,0,0,0,0,0,0,0,0,0,4,0
84,0,34.84,1,1,0,0,0,0,0,0,0,0,0,0,0,0,0,0,0,0,0,0,1,0
85,0,58.38,0,0,0,0,0,0,0,0,0,0,0,0,0,0,0,0,0,0,0,0,3,0
86,1,55.57,0,1,0,0,0,0,0,0,1,0,0,0,0,0,0,0,0,0,0,0,1,0
87,1,60.13,0,1,0,0,0,0,0,1,0,0,0,0,0,0,0,0,0,0,0,0,4,0
88,0,38.04,1,0,0,0,0,0,0,0,0,0,0,0,0,0,0,0,0,0,0,0,4,0
89,0,56.31,1,0,0,0,0,0,0,0,0,0,0,0,0,0,0,0,0,0,0,0,5,0
90,1,54.49,1,1,1,0,0,0,0,0,0,0,0,0,0,0,0,0,0,0,0,0,1,0
91,0,31.42,1,1,0,0,0,0,0,0,0,0,0,0,0,0,0,0,0,0,0,0,0,0
92,1,54.4,1,1,1,0,0,0,0,0,0,0,0,0,0,0,0,0,0,0,0,0,1,0
93,0,52.66,1,0,0,0,0,0,0,0,0,0,0,0,0,1,0,0,0,0,0,0,1,0
94,1,33.15,1,1,1,0,0,0,1,0,0,0,0,0,0,0,0,0,0,0,0,0,1,0
95,1,42.47,1,1,1,0,0,0,0,0,0,0,0,0,0,0,0,0,0,0,0,0,0,0
96,0,20.21,0,0,1,0,0,0,0,0,0,0,0,0,0,0,0,1,0,0,0,0,0,0
97,1,64.29,1,0,0,0,0,1,0,0,0,0,0,0,0,0,0,0,0,0,0,0,5,0
98,0,29.64,1,1,1,0,0,0,0,0,0,0,0,0,0,0,0,0,0,0,0,0,3,0
99,0,36.61,1,1,1,0,0,0,1,0,0,0,0,0,0,0,0,0,0,0,0,0,3,0
100,0,31.99,1,0,0,0,0,0,0,0,0,0,0,0,0,0,0,0,0,0,0,0,3,0
101,0,35.19,1,1,1,0,0,0,0,0,0,1,0,0,0,0,0,0,0,0,0,0,1,0
102,0,36.18,1,1,1,0,0,0,0,1,0,0,0,0,0,0,0,0,0,0,0,0,0,0
103,1,32.47,0,1,1,0,0,0,0,0,0,0,0,0,0,0,0,0,0,0,0,0,3,0
104,0,38.8,1,0,0,0,0,0,0,0,0,0,0,0,0,0,0,0,0,0,0,0,4,0
105,0,29.82,0,0,0,0,0,1,0,1,0,0,0,0,0,0,0,0,0,1,0,0,3,0
106,0,41.21,1,1,1,0,0,0,0,0,0,1,0,0,0,0,0,0,0,0,0,0,3,0
107,0,35.52,1,1,1,0,0,0,1,0,0,0,0,0,0,0,0,0,0,0,0,0,4,0
108,1,33.11,1,0,1,0,0,0,0,0,0,0,0,0,0,0,0,0,1,0,0,0,1,0
109,0,32.14,1,1,1,0,0,0,0,0,0,0,0,0,0,1,0,0,0,0,0,0,3,0
110,1,49.76,0,0,0,0,0,0,0,0,0,0,0,0,0,0,0,0,0,1,0,0,4,0
111,0,69.59,0,0,0,0,1,0,0,0,0,0,0,0,0,0,0,0,0,0,0,0,1,0
112,0,14.42,1,1,0,0,0,0,0,0,0,0,0,0,0,0,0,0,0,0,0,0,3,0
113,1,33.96,1,0,1,0,0,0,0,0,0,0,0,0,0,0,0,0,0,0,0,1,1,0
114,0,47.25,1,0,0,0,0,1,0,0,0,0,1,0,0,0,0,0,0,0,0,0,3,0
115,0,33.16,1,1,1,0,0,0,0,0,0,0,0,0,0,0,0,0,0,0,0,0,1,0
116,0,64.0,0,0,0,1,1,0,0,0,0,0,0,0,0,0,0,0,0,0,0,0,5,0
117,0,62.56,0,0,0,0,0,0,0,0,0,1,0,0,0,0,1,0,0,0,1,0,1,0
118,1,37.23,1,0,0,0,0,1,0,0,0,0,1,0,0,0,0,0,0,0,0,0,4,0
119,0,53.5,1,0,0,0,0,0,0,0,1,1,1,0,1,0,0,0,0,0,0,0,5,0
120,1,53.2,1,0,0,0,0,1,0,1,0,0,0,0,0,0,0,0,0,0,0,0,4,0
121,1,45.21,1,0,0,0,0,0,0,0,0,0,0,0,0,0,0,0,0,0,0,0,3,0
122,1,33.91,0,0,0,0,0,0,0,0,0,0,0,0,0,0,0,0,0,1,0,0,4,0
123,1,53.98,0,0,0,0,1,0,0,0,0,0,0,0,0,0,0,0,0,0,0,0,3,0
124,0,52.43,1,1,1,0,0,0,0,0,0,0,0,0,0,0,0,0,0,0,0,0,3,0
125,1,64.83,1,0,0,0,0,1,0,0,1,0,0,0,0,0,0,0,0,0,0,0,4,0
126,1,71.19,0,0,0,0,0,0,0,0,0,0,0,0,0,0,0,0,0,1,0,0,5,0
127,1,40.82,1,1,1,0,0,0,0,0,0,0,0,0,0,0,0,0,0,0,0,0,3,0
128,0,36.97,1,1,1,0,0,0,0,0,0,0,0,0,0,0,0,0,0,0,0,0,1,0
129,0,25.68,1,1,0,0,0,0,0,0,0,0,0,0,0,0,0,0,0,0,0,0,3,0
130,1,63.47,0,0,0,0,0,0,0,0,0,0,0,0,0,0,0,0,0,0,0,0,1,0
131,0,40.85,1,0,0,0,0,1,0,0,0,1,1,0,0,0,0,0,0,0,0,0,1,0
132,0,47.59,1,1,1,0,0,0,0,0,0,0,0,0,0,0,0,0,0,0,0,0,0,0
133,1,73.66,1,0,0,0,0,1,0,0,0,0,0,0,0,0,0,0,0,0,0,0,3,0
134,0,24.14,1,1,1,0,0,0,0,0,0,0,0,0,0,0,0,0,0,0,0,0,0,0
135,1,48.94,1,0,1,0,0,0,0,0,0,0,0,0,0,0,0,0,0,0,0,0,1,0
136,0,41.89,1,1,0,0,0,1,0,0,0,0,1,0,0,0,0,0,0,0,0,0,4,0
137,1,36.52,1,0,0,0,0,0,0,0,0,0,0,0,1,0,0,0,0,0,0,0,1,0
138,0,45.92,1,0,0,0,0,1,0,0,0,0,1,0,0,0,0,0,0,0,0,0,5,0
139,0,39.36,1,1,0,0,0,0,1,0,0,0,0,0,0,0,0,0,0,0,0,0,1,0
140,1,44.56,1,1,1,0,0,0,0,0,0,0,0,0,0,0,0,0,0,0,0,0,1,0
141,1,27.02,1,0,0,0,0,1,0,0,0,0,0,0,0,0,0,0,0,0,0,0,4,0
142,0,50.5,1,1,1,0,0,0,1,0,0,0,0,0,0,0,0,0,0,0,0,0,0,0
143,0,42.39,1,1,1,0,0,0,0,0,0,0,0,0,0,0,1,0,0,0,0,0,1,0
144,0,40.68,1,1,0,0,0,0,1,0,0,0,0,0,0,0,0,0,0,0,1,0,1,0
145,1,62.53,1,1,1,0,0,0,0,0,0,0,0,0,0,0,0,0,0,0,0,0,1,0
146,1,33.53,1,1,1,0,0,0,0,0,0,0,0,0,0,0,0,0,0,0,0,0,4,0
147,0,46.12,0,0,0,0,0,0,0,0,0,0,0,0,0,0,0,0,0,1,0,0,4,0
148,0,41.32,1,1,1,0,0,0,0,0,0,0,0,0,0,0,0,0,0,0,0,0,0,0
149,0,47.91,0,1,0,0,0,0,0,0,1,0,0,0,1,0,0,0,0,0,0,0,1,0
150,0,56.44,1,0,0,0,0,1,0,0,0,0,0,0,1,0,0,0,0,0,0,0,4,0
151,1,38.18,0,1,0,0,0,0,0,0,1,0,0,0,0,0,0,0,0,0,0,0,3,0
152,0,60.18,1,1,1,0,0,0,0,0,0,0,0,0,0,0,0,0,0,0,0,0,3,0
153,0,29.41,1,1,1,0,0,0,0,0,0,0,0,0,0,0,0,0,0,0,0,0,4,0
154,1,59.54,0,0,0,0,0,0,0,0,0,0,0,1,0,0,0,0,0,0,0,0,1,0
155,0,44.18,1,1,0,0,0,0,0,0,0,0,0,0,0,0,0,0,0,0,0,0,1,0
156,1,69.16,1,1,1,0,0,0,0,0,0,0,0,0,0,0,0,0,0,0,0,0,3,0
157,0,63.69,0,0,0,0,1,0,0,0,0,0,0,1,0,0,0,0,0,0,0,0,1,0
158,0,43.39,1,1,0,0,0,0,0,0,0,0,0,0,1,0,0,1,0,0,0,0,3,0
159,1,61.87,0,0,0,0,1,0,0,0,0,0,0,0,0,0,0,0,0,0,0,0,3,0
160,0,39.18,1,0,1,0,0,0,1,0,0,0,0,0,0,0,0,0,0,0,0,0,0,0
161,0,51.45,1,1,1,0,0,0,0,0,0,0,0,0,1,0,0,0,0,0,0,0,3,0
162,1,41.56,1,1,0,0,0,0,0,0,0,0,0,0,0,0,0,0,0,0,0,0,0,0
163,0,60.99,1,0,0,0,0,1,0,0,0,0,0,0,0,0,0,0,0,0,0,0,4,0
164,0,74.43,1,0,0,0,0,0,0,0,0,0,0,0,0,0,0,0,0,0,0,0,5,0
165,0,63.22,0,1,0,0,0,0,0,0,0,0,0,0,0,0,0,0,0,0,0,0,5,0
166,0,66.47,0,0,0,0,1,0,1,0,0,0,0,0,0,0,0,0,0,0,0,0,5,0
167,0,51.85,1,0,0,0,0,0,0,1,0,0,0,0,0,0,0,0,0,0,0,0,5,0
168,0,39.17,1,0,0,0,0,0,0,1,0,1,1,0,1,0,0,0,0,0,0,0,4,0
169,0,38.3,1,1,0,0,0,0,0,0,0,0,0,0,0,0,0,0,0,0,0,0,1,0
170,1,37.25,1,0,0,0,0,0,0,0,1,0,0,0,0,0,0,0,0,0,0,0,1,0
171,1,30.09,1,1,1,0,0,0,0,0,0,0,0,0,0,0,0,0,0,0,0,0,5,0
172,1,54.39,0,0,0,0,0,0,0,0,1,0,0,0,0,1,0,0,0,0,0,0,1,0
173,0,36.98,1,1,0,0,0,0,0,0,0,0,0,0,0,0,0,0,0,0,0,0,0,0
174,0,48.54,0,0,0,0,0,0,0,0,0,1,0,0,0,0,0,0,0,0,0,0,1,0
175,0,29.22,1,1,1,0,0,0,0,0,0,0,0,0,0,0,0,0,0,0,0,0,3,0
176,0,32.37,1,1,0,0,0,0,0,0,0,0,0,0,0,0,0,0,0,0,0,0,4,0
177,1,44.1,1,0,0,0,0,1,0,0,0,0,0,0,0,0,0,0,0,0,0,0,4,0
178,0,30.9,1,0,0,0,0,1,0,0,0,0,0,0,0,0,0,0,0,0,0,0,3,0
179,1,57.79,0,0,0,0,0,0,1,0,0,0,0,0,0,0,0,0,0,0,0,1,1,0
180,0,19.15,1,1,1,0,0,0,0,0,0,0,0,0,0,0,0,0,0,0,0,0,3,0
181,0,70.66,1,0,0,0,0,0,0,0,0,0,0,1,0,0,0,0,0,0,0,0,5,0
182,0,63.18,0,0,0,1,1,0,0,0,0,0,0,0,0,0,0,0,0,0,0,0,3,0
183,0,41.7,1,1,1,0,0,0,0,0,0,0,0,0,0,0,0,0,0,0,0,0,1,0
184,0,29.8,1,1,1,0,0,0,0,0,0,0,0,0,0,0,0,0,0,0,0,0,4,0
185,0,42.87,1,0,0,0,0,0,0,0,1,0,1,0,0,0,0,0,0,0,0,0,3,0
186,1,51.47,1,0,0,0,0,1,0,0,0,0,0,0,0,0,0,0,0,0,0,0,5,0
187,1,38.07,1,1,1,0,0,0,1,0,0,0,0,0,0,0,0,0,0,0,0,0,3,0
188,0,28.94,1,1,1,0,0,0,0,0,0,0,0,0,0,0,0,0,0,0,0,0,3,0
189,1,32.45,1,0,0,0,0,0,0,0,0,0,0,0,0,0,0,0,0,0,0,0,4,0
190,1,26.12,1,1,1,0,0,0,0,0,0,0,0,0,0,0,0,0,0,0,0,0,4,0
191,0,67.9,1,1,1,0,0,0,0,0,0,0,0,0,0,0,0,0,0,0,0,0,3,0
192,0,40.89,1,0,0,0,0,1,1,0,0,0,0,0,0,0,0,0,0,0,0,0,5,0
193,0,59.81,1,1,1,0,0,0,0,0,0,0,0,0,0,0,0,1,0,0,0,0,5,0
194,0,58.04,0,0,0,1,0,0,0,0,1,0,0,0,0,0,0,0,0,0,0,0,1,0
195,1,56.47,1,1,0,0,0,0,0,0,0,0,0,0,0,0,1,0,0,0,0,0,1,0
196,1,20.76,1,0,0,0,0,1,0,0,0,0,0,0,0,0,0,0,0,0,0,0,4,0
197,0,49.81,1,0,0,0,0,0,0,0,0,0,0,0,0,0,0,0,0,0,0,0,4,0
198,1,37.08,1,0,0,0,0,1,0,0,0,0,0,0,0,0,0,0,0,0,0,0,3,0
199,1,48.67,0,0,0,0,0,1,0,0,0,0,0,0,0,0,0,0,0,1,0,0,5,0
200,0,71.62,1,0,0,0,0,0,0,0,0,1,0,0,0,0,0,0,0,0,0,0,5,0
201,1,43.87,0,0,0,0,1,0,0,0,0,0,0,0,0,0,0,1,0,0,0,0,1,0
202,1,27.85,1,1,1,0,0,0,0,0,0,0,0,0,0,0,0,0,0,0,0,0,1,0
203,1,25.21,1,1,1,0,0,0,1,0,0,0,0,0,0,0,0,0,0,0,0,0,3,0
204,0,30.35,1,0,0,0,0,0,0,0,0,0,0,0,0,0,0,0,0,0,0,0,1,0
205,0,31.72,1,1,1,0,0,0,0,0,0,0,0,0,0,0,0,0,0,0,0,0,3,0
206,0,30.81,1,1,1,0,0,0,0,0,0,0,0,0,0,0,0,0,0,0,0,0,5,0
207,1,30.76,1,1,0,1,0,0,0,0,0,0,0,0,0,0,0,1,0,0,0,0,0,0
208,1,24.4,0,0,0,0,0,0,0,0,1,0,0,0,0,0,0,0,0,0,0,0,1,0
209,1,41.18,1,1,1,0,0,0,0,0,0,0,0,0,0,0,1,0,0,0,0,0,4,0
210,0,34.52,1,1,0,0,0,0,0,0,0,0,0,0,0,0,0,0,0,0,0,0,3,0
211,1,56.42,1,0,0,0,0,0,0,0,0,0,0,0,0,0,0,0,0,0,0,0,3,0
212,1,39.95,1,1,0,0,0,0,0,0,0,0,0,0,0,0,0,0,0,0,0,0,0,0
213,1,23.01,1,1,1,0,0,0,0,0,0,0,0,0,0,0,0,0,0,0,0,0,0,0
214,1,31.75,1,1,1,0,0,0,0,0,0,0,0,0,0,0,0,0,0,0,0,0,4,0
215,0,17.74,1,0,0,0,0,1,0,0,0,0,0,0,0,0,0,0,0,0,0,0,4,0
216,0,64.3,1,0,0,0,0,0,0,0,0,0,0,0,0,0,0,1,0,0,0,0,5,0
217,1,27.61,1,1,1,0,0,0,1,0,0,0,0,0,0,0,0,0,0,0,0,0,4,0
218,0,69.18,0,0,0,0,1,0,0,0,0,0,0,0,0,0,0,0,0,0,0,0,1,0
219,0,37.14,1,1,1,0,0,0,0,0,0,0,0,0,0,0,0,0,0,0,0,0,1,0
220,0,44.25,1,0,0,0,0,0,0,0,0,0,0,0,1,1,0,0,0,0,0,0,3,0
221,0,25.27,1,1,1,0,0,0,0,0,0,0,0,0,0,0,0,0,0,0,0,0,3,0
222,1,29.64,1,0,0,0,0,1,0,0,0,0,0,0,0,0,0,0,0,0,0,0,4,0
223,0,26.57,1,1,1,0,0,0,0,0,0,0,0,0,0,0,0,0,0,0,0,0,3,0
224,1,47.81,1,0,0,0,0,0,0,0,0,0,1,0,1,0,1,0,0,0,0,0,4,0
225,0,39.69,1,1,1,0,0,0,0,0,0,0,0,0,0,0,0,1,0,0,0,0,1,0
226,1,35.07,1,0,0,0,0,0,0,0,0,0,0,0,0,0,0,0,0,0,0,0,3,0
227,1,74.56,1,0,1,0,0,1,0,0,0,0,0,0,0,0,0,0,0,0,0,0,3,0
228,0,50.46,1,0,0,0,0,1,0,0,0,0,0,0,0,0,0,1,0,0,0,0,4,0
229,0,65.86,1,1,0,0,0,0,0,0,0,0,0,0,0,0,0,0,0,0,0,0,0,0
230,1,60.32,0,0,0,0,0,0,0,0,0,0,0,0,0,1,0,0,0,0,0,0,3,0
231,1,34.95,1,0,0,0,0,1,0,0,0,1,0,0,0,0,0,0,0,0,0,0,4,0
232,1,44.63,1,1,1,0,0,0,0,0,0,0,0,0,0,0,0,0,0,0,0,0,1,0
233,0,21.67,1,1,1,0,0,0,0,0,0,0,0,0,0,0,0,0,0,0,0,0,1,0
234,0,55.24,0,0,0,0,0,0,0,0,0,0,0,0,0,0,0,0,0,0,0,0,1,0
235,0,43.99,1,0,0,0,0,0,0,0,0,0,0,0,0,0,0,0,0,0,0,0,5,0
236,0,36.13,1,1,1,0,0,0,0,0,0,0,0,0,0,0,0,0,0,0,0,0,3,0
237,0,70.27,1,1,1,0,0,0,0,0,0,0,0,0,0,0,0,1,0,0,0,0,4,0
238,1,23.96,1,1,1,0,0,0,0,0,0,0,0,0,0,0,0,0,0,0,0,0,5,0
239,0,43.53,1,1,0,0,0,0,0,0,0,0,0,0,0,0,0,0,0,0,0,0,4,0
240,0,30.72,1,1,1,0,0,0,0,0,0,0,0,0,0,0,0,0,0,0,0,0,1,0
241,1,38.38,1,0,0,0,0,1,0,0,0,0,0,0,0,0,0,0,0,0,0,0,3,0
242,1,34.52,0,0,0,1,0,0,0,0,1,0,0,1,0,0,0,0,0,0,0,0,1,0
243,0,55.25,0,0,0,0,1,0,0,0,0,0,0,0,0,0,0,0,0,0,0,0,1,0
244,0,30.65,1,0,0,0,0,1,1,0,0,0,0,0,0,0,0,0,1,0,0,0,3,0
245,1,61.19,0,0,1,0,1,0,0,0,0,0,0,0,0,0,0,0,0,0,0,0,3,0
246,0,44.94,1,1,1,0,0,0,0,0,0,0,0,0,0,0,0,0,0,0,0,0,0,0
247,1,35.65,1,1,1,0,0,0,0,0,0,0,0,0,0,0,0,0,0,0,0,0,4,0
248,0,68.35,1,0,0,0,0,0,0,0,0,0,0,0,1,0,0,0,0,0,0,0,5,0
249,1,44.56,1,1,0,0,0,0,1,0,0,0,0,0,0,0,1,1,0,0,0,0,3,0
250,0,38.24,1,1,1,0,0,0,0,0,0,0,0,0,0,1,0,0,0,0,0,0,4,0
251,0,52.09,0,0,0,1,1,0,0,0,0,0,0,0,0,0,0,0,0,0,0,0,3,0
252,1,36.5,1,1,1,0,0,0,1,0,0,0,0,0,0,0,0,0,0,0,0,0,1,0
253,1,33.48,1,1,1,0,0,0,0,0,0,0,0,0,0,0,0,0,0,0,0,0,1,0
254,1,60.33,0,0,0,1,0,0,1,0,1,0,0,0,0,0,0,0,0,0,0,0,1,0
255,1,44.25,1,1,0,0,0,0,0,0,0,0,0,0,0,0,0,0,0,0,0,0,1,0
256,1,58.43,0,0,0,0,1,0,0,0,0,0,0,0,0,0,0,0,0,0,0,0,5,0
257,0,34.0,1,0,0,0,0,1,0,0,0,0,0,0,1,0,0,0,0,0,0,0,0,0
258,0,62.64,0,0,0,0,1,0,0,0,0,0,0,0,0,0,0,0,0,0,0,0,4,0
259,1,44.62,1,1,0,0,0,0,0,0,0,1,0,0,0,1,0,0,0,0,0,0,1,0
260,0,36.85,1,1,1,0,0,0,0,0,0,0,0,0,0,0,0,0,0,0,0,0,1,0
261,1,29.36,1,1,1,0,0,0,0,0,0,0,0,0,0,0,0,0,0,0,0,0,1,0
262,1,20.84,1,1,1,0,0,0,0,0,0,0,0,0,0,0,0,0,0,0,0,0,0,0
263,1,61.84,1,0,0,0,0,0,0,1,0,0,0,0,0,0,0,0,0,0,0,0,0,0
264,1,41.61,0,1,1,0,0,0,0,0,0,0,0,0,0,0,0,0,0,1,0,0,5,0
265,0,47.61,1,0,0,0,0,0,0,0,0,0,0,0,0,0,0,0,0,0,0,0,3,0
266,1,59.58,0,0,0,0,0,0,0,0,0,0,0,0,0,0,0,0,0,0,0,0,1,0
267,0,48.85,1,1,1,0,0,0,1,0,0,0,0,0,0,0,0,0,0,0,0,0,1,0
268,1,38.07,1,1,1,0,0,0,0,0,0,0,0,0,0,0,0,0,0,0,0,0,3,0
269,1,27.16,1,1,0,0,0,0,0,0,0,0,0,0,0,0,1,0,0,0,0,0,5,0
270,1,58.04,1,1,1,0,0,0,0,0,0,0,0,0,0,0,0,0,0,0,0,0,1,0
271,0,41.32,0,0,0,1,0,0,0,0,1,0,0,0,0,0,0,0,0,0,0,0,1,0
272,0,26.32,0,1,1,0,0,0,0,0,0,0,0,0,0,0,0,0,0,1,1,0,0,0
273,1,44.57,1,1,1,0,0,0,0,0,0,0,0,0,0,0,0,0,0,0,0,0,0,0
274,0,32.54,1,1,0,0,0,0,0,0,0,0,0,0,0,0,0,0,0,0,0,0,0,0
275,0,22.84,1,1,1,0,0,0,0,0,0,0,0,0,0,0,0,0,0,0,0,0,1,0
276,1,25.87,1,1,1,0,0,0,0,0,0,0,0,0,0,1,0,0,0,0,0,0,3,0
277,1,34.07,1,0,0,0,0,1,0,0,0,0,0,0,0,0,0,0,0,0,0,0,3,0
278,0,24.76,1,1,1,0,0,0,1,0,0,0,0,0,0,0,1,0,0,0,0,0,0,0
279,1,30.95,1,1,1,0,0,0,0,0,0,0,0,0,0,0,0,0,0,0,0,0,1,0
280,0,39.77,1,1,1,0,0,0,0,0,0,0,0,0,0,0,0,0,0,0,0,0,3,0
281,1,22.65,1,0,1,0,0,0,0,0,0,0,0,0,0,0,0,0,0,0,0,0,1,0
282,0,53.78,1,1,1,0,0,0,0,0,0,0,0,0,0,0,0,0,0,0,0,0,4,0
283,0,30.97,1,1,1,0,0,0,0,0,0,0,0,0,0,0,0,0,0,0,0,0,0,0
284,1,37.65,1,1,1,0,0,0,0,0,0,0,0,0,0,0,0,0,0,0,0,0,3,0
285,1,36.2,1,0,1,0,0,0,0,0,0,0,0,0,0,0,0,0,0,0,0,0,0,0
286,1,41.86,1,1,1,0,0,0,0,0,0,0,0,0,0,0,0,1,0,0,0,0,4,0
287,0,57.55,0,1,0,0,1,0,0,1,0,0,0,0,0,0,0,0,0,0,0,0,1,0
288,0,52.67,1,1,1,0,0,0,0,0,0,0,0,0,0,0,0,0,0,0,0,0,1,0
289,0,31.95,1,1,1,0,0,0,0,0,0,0,0,0,0,0,0,0,0,0,0,0,0,0
290,1,32.46,1,1,1,0,0,0,0,0,0,0,0,0,0,0,0,1,0,0,0,0,1,0
291,0,44.36,1,1,1,0,0,0,0,0,0,0,0,0,0,0,0,0,0,0,0,0,0,0
292,0,40.29,1,0,0,0,0,1,0,0,0,0,0,0,0,0,0,0,0,0,0,0,4,0
293,1,44.72,1,1,1,0,0,0,0,0,0,0,0,0,0,0,0,1,0,0,0,0,1,0
294,1,39.01,1,1,1,0,0,0,0,0,0,0,0,0,0,0,0,0,0,0,0,0,3,0
295,0,62.25,0,0,0,0,0,0,0,0,0,0,0,0,0,0,0,0,0,0,0,0,0,0
296,0,45.81,1,0,0,0,0,0,1,0,0,0,0,0,0,0,0,0,0,0,0,0,4,0
297,0,48.36,0,0,0,0,0,0,0,0,0,0,0,0,0,0,0,0,0,1,0,0,4,0
298,0,49.51,1,0,0,0,0,0,0,0,0,0,0,0,0,0,0,0,0,0,0,0,3,0
299,1,38.53,1,0,0,0,0,0,0,0,0,0,0,0,0,0,0,0,0,0,0,0,5,0
300,1,28.32,1,1,0,0,0,0,0,0,0,0,0,0,0,0,0,0,0,0,0,0,0,0
301,1,38.75,1,1,1,0,0,0,0,0,0,0,0,0,0,0,0,0,0,0,0,0,0,0
302,1,37.22,0,1,1,0,0,0,0,0,0,0,0,0,0,0,0,0,0,0,0,0,1,0
303,1,58.43,0,0,0,0,1,0,0,0,0,0,0,0,0,0,0,0,0,0,0,0,4,0
304,1,41.49,1,1,0,0,0,0,0,0,0,0,0,0,0,0,0,0,1,0,0,0,3,0
305,0,60.04,1,0,0,0,0,1,0,0,0,1,1,0,0,0,0,0,0,0,0,0,5,0
306,1,50.64,1,1,1,0,0,0,0,0,0,0,0,0,0,0,0,0,0,0,0,0,4,0
307,0,75.8,1,0,0,0,0,1,0,0,0,0,1,0,0,0,0,0,0,0,0,0,5,0
308,0,43.39,0,0,0,1,0,0,0,0,0,0,0,0,0,0,0,0,0,0,0,0,3,0
309,1,52.17,1,0,0,0,0,1,0,0,0,0,1,0,0,0,0,0,0,0,0,0,5,0
310,0,38.91,1,1,1,0,0,0,0,0,0,0,0,0,0,0,0,0,0,0,0,0,1,0
311,0,50.64,1,0,0,0,0,0,0,0,0,1,0,0,0,0,0,0,0,0,0,0,0,0
312,0,66.94,0,0,0,0,0,0,0,0,0,0,0,0,0,0,0,0,0,0,0,1,5,0
313,0,30.16,1,1,0,0,0,0,0,0,0,0,0,0,0,0,0,0,0,0,0,0,1,0
314,0,59.72,0,0,0,0,0,0,0,0,1,0,0,0,0,0,0,0,0,0,0,0,3,0
315,1,35.1,1,0,0,0,0,0,0,0,0,0,0,0,1,0,0,0,0,0,0,0,5,0
316,1,38.56,1,1,1,0,0,0,0,0,0,0,0,0,0,0,0,0,0,0,0,0,3,0
317,0,42.85,1,0,1,0,0,0,0,0,0,0,0,0,0,0,0,0,0,0,0,0,4,0
318,1,59.45,1,0,0,0,0,0,0,0,0,0,0,0,0,0,0,0,0,0,0,0,3,0
319,0,26.26,1,0,0,0,0,1,0,0,0,1,0,0,0,0,0,0,0,0,0,0,3,0
320,0,58.73,0,0,0,0,1,0,0,0,0,0,0,0,0,0,0,0,0,0,0,0,3,0
321,0,31.03,1,0,0,0,0,1,0,0,0,0,0,0,1,0,0,0,0,0,0,0,5,0
322,1,30.44,1,1,1,0,0,0,1,0,0,0,0,0,0,0,0,0,0,0,0,0,3,0
323,1,45.63,0,0,0,1,0,0,0,0,0,0,0,1,0,0,0,0,0,0,0,0,1,0
324,1,37.45,1,0,0,0,0,0,0,0,0,0,1,0,0,0,0,0,0,0,0,0,3,0
325,1,34.44,1,1,0,0,0,0,0,0,0,0,0,0,0,0,0,0,0,0,0,0,0,0
326,1,34.93,1,0,0,0,0,0,0,0,0,0,0,0,0,0,0,0,0,0,0,0,1,0
327,0,32.15,1,1,1,0,0,0,0,0,0,0,0,0,0,0,0,0,0,0,0,0,1,0
328,0,66.48,1,0,0,0,0,1,0,0,0,0,0,0,0,0,0,0,0,0,0,0,5,0
329,0,46.24,0,0,0,1,0,0,0,1,0,0,0,0,0,0,0,0,0,0,0,0,1,0
330,1,38.89,1,1,1,0,0,0,0,1,0,0,0,0,0,0,0,0,0,0,0,0,1,0
331,0,33.58,1,1,0,0,0,0,0,0,1,0,0,0,0,0,0,0,0,0,0,0,1,0
332,0,40.17,1,0,0,0,0,0,0,0,0,0,0,0,0,0,0,0,0,0,0,0,4,0
333,1,52.4,1,1,0,0,0,0,0,0,0,0,0,0,0,0,0,0,0,0,0,0,1,0
334,1,58.15,1,0,0,0,0,1,0,0,0,0,0,0,0,1,0,0,0,0,0,0,3,0
335,1,31.51,1,1,1,0,0,0,0,0,0,0,0,0,0,0,0,0,0,0,0,0,0,0
336,1,43.77,1,1,1,0,0,0,0,0,0,0,0,0,0,0,0,0,0,0,0,0,3,0
337,0,33.53,1,1,0,0,0,0,0,0,0,0,0,0,0,0,0,0,0,0,0,0,0,0
338,1,55.11,1,0,0,0,0,1,0,0,0,0,1,0,0,0,0,0,0,0,0,0,3,0
339,0,43.62,1,1,1,0,0,0,0,0,0,0,0,0,0,0,0,0,0,0,0,0,3,0
340,0,60.34,1,0,0,0,0,1,0,1,0,0,1,0,1,0,0,0,0,0,0,0,4,0
341,0,33.91,1,0,0,0,0,1,0,0,0,0,1,0,0,0,0,0,0,0,0,0,4,0
342,1,48.22,1,0,0,0,0,1,0,0,0,0,1,0,0,0,0,0,0,0,0,0,4,0
343,1,70.56,0,0,0,0,1,0,0,0,0,0,0,0,0,0,0,0,0,0,0,0,1,0
344,0,53.54,1,1,0,0,0,0,1,0,0,0,0,0,0,0,0,0,0,0,1,0,1,0
345,0,66.37,0,0,1,0,0,0,0,0,1,0,0,0,0,0,0,0,0,0,0,0,1,0
346,0,36.75,1,0,0,0,0,0,0,1,0,0,0,0,0,0,0,0,0,0,0,0,5,0
347,0,40.13,1,0,0,0,0,0,0,1,0,0,1,0,0,0,0,0,0,0,0,0,5,0
348,1,73.28,1,0,0,0,0,1,1,0,0,0,0,0,0,0,0,0,0,0,0,0,5,0
349,0,36.45,1,1,1,0,0,0,0,0,0,0,0,0,0,0,0,0,0,0,0,0,3,0
350,1,74.15,1,0,0,0,0,1,0,0,0,0,0,0,0,0,0,0,0,0,0,0,5,0
351,1,43.4,1,0,0,0,0,1,0,0,0,0,0,0,0,0,0,0,0,0,0,0,4,0
352,0,40.88,0,0,0,1,0,0,0,0,0,0,0,0,0,0,0,0,0,0,0,0,1,0
353,0,38.35,1,0,0,0,0,1,0,0,0,0,1,0,0,0,0,0,0,0,0,0,3,0
354,1,54.8,1,0,0,0,0,0,0,0,0,0,1,0,1,0,0,0,0,0,0,0,5,0
355,1,63.15,0,0,0,0,0,0,0,0,0,0,0,0,0,0,0,0,0,0,0,0,3,0
356,0,62.83,1,1,1,0,0,0,0,0,0,0,0,0,0,0,0,0,0,0,0,0,1,0
357,1,35.15,0,1,1,1,1,1,1,1,1,0,1,1,1,1,1,1,1,0,1,1,1,0
358,0,39.48,1,1,0,0,0,0,0,0,0,0,0,0,0,0,1,1,0,0,0,0,1,0
359,0,29.93,1,1,1,0,0,0,0,0,0,0,0,0,0,0,0,0,0,0,0,0,0,0
360,0,46.91,1,1,0,0,0,0,0,0,0,0,0,0,0,0,0,1,0,0,0,0,1,0
361,1,46.3,1,0,0,0,0,1,0,0,0,0,0,0,0,0,0,0,0,0,0,0,4,0
362,1,51.9,1,1,1,0,0,0,0,0,0,0,0,0,0,0,0,0,0,0,0,0,4,0
363,0,54.61,1,0,0,0,0,1,0,0,0,0,0,0,0,0,0,0,0,0,0,0,4,0
364,1,42.25,1,0,0,0,0,0,0,0,0,0,0,0,1,0,0,0,0,0,0,0,3,0
365,0,64.3,0,0,0,0,0,0,0,0,0,0,0,0,0,0,0,0,0,0,0,0,1,0
366,0,29.6,1,1,0,0,0,0,0,0,0,0,0,0,0,0,0,0,0,0,0,0,1,0
367,1,65.53,1,0,0,0,0,1,0,1,0,0,0,0,0,1,0,0,0,0,0,0,3,0
368,1,41.25,1,1,0,0,0,0,0,0,0,0,0,0,0,0,0,0,0,0,0,0,1,0
369,1,31.56,1,0,1,0,0,1,0,0,0,0,0,0,1,0,0,0,0,0,0,0,5,0
370,1,58.01,1,0,0,0,0,0,0,0,0,1,0,0,0,0,0,0,0,0,0,0,5,0
371,0,54.87,1,1,0,0,0,1,0,0,0,0,1,0,1,1,0,0,0,0,0,0,5,0
372,0,28.07,1,1,1,0,0,0,0,0,0,0,0,0,0,0,0,0,1,0,0,0,1,0
373,1,20.32,1,1,1,0,0,0,0,0,0,0,0,0,0,0,0,0,0,0,0,0,4,0
374,0,34.44,1,0,0,0,0,0,0,0,0,0,0,0,0,0,0,1,0,0,0,0,4,0
375,0,54.54,1,0,0,0,0,1,0,0,0,0,0,0,0,0,0,0,0,0,0,0,4,0
376,0,45.71,1,0,0,0,0,1,0,0,0,0,1,0,0,0,0,0,0,0,0,0,5,0
377,1,48.89,1,1,1,0,0,0,0,0,0,0,0,0,0,0,0,0,0,0,0,0,1,0
378,0,29.24,1,1,1,0,0,0,0,0,0,0,0,0,0,0,0,0,0,0,0,0,1,0
379,0,22.02,0,0,0,0,0,0,0,0,0,0,0,0,0,0,0,0,0,1,0,0,3,0
380,0,32.44,0,0,0,0,0,0,0,0,1,0,0,0,0,0,0,0,0,0,0,0,0,0
381,0,40.14,1,1,0,0,0,1,1,0,0,0,1,0,0,0,0,0,0,0,0,0,5,0
382,1,61.13,1,0,0,0,0,1,0,0,0,0,0,0,0,0,0,0,0,0,0,0,5,0
383,0,57.76,0,0,0,0,1,0,0,0,1,0,0,0,0,0,0,0,0,0,0,0,1,0
384,0,54.27,0,0,0,0,0,0,0,0,1,0,0,0,0,0,0,0,0,0,0,0,5,0
385,1,56.87,1,0,0,0,0,1,1,0,0,1,0,0,0,0,0,0,0,0,0,0,5,0
386,1,34.38,1,1,1,0,0,0,0,0,0,0,0,0,0,0,0,0,0,0,0,0,1,0
387,1,27.79,1,1,1,0,0,0,0,0,0,0,0,0,0,0,0,0,0,0,0,0,3,0
388,0,53.69,1,0,0,0,0,1,0,0,0,0,1,0,0,0,0,0,0,0,0,0,5,0
389,0,43.91,1,1,0,1,0,0,0,0,0,0,0,0,0,0,0,0,0,0,0,0,1,0
390,1,41.03,1,1,1,0,0,0,0,0,0,0,0,0,0,0,0,0,0,0,0,0,0,0
391,0,33.28,1,0,0,0,0,1,0,1,0,0,0,0,1,0,0,0,0,0,0,0,4,0
392,0,39.1,1,1,0,0,0,0,0,0,0,0,0,0,0,0,0,1,0,0,0,0,3,0
393,0,31.82,1,1,1,0,0,0,0,0,0,0,0,0,0,0,0,0,0,0,0,0,3,0
394,1,67.6,1,0,0,0,0,1,0,0,0,0,1,0,1,0,0,0,0,0,0,0,4,0
395,0,30.38,0,1,1,0,0,0,0,0,0,0,0,0,0,0,0,0,0,0,0,1,5,0
396,0,48.58,1,1,0,0,0,0,0,0,0,0,0,0,0,0,0,0,0,0,0,0,1,0
397,0,50.83,0,0,0,0,0,0,0,0,0,0,0,0,0,0,0,0,0,1,0,0,4,0
398,0,45.09,1,0,0,0,0,1,0,0,0,0,1,0,0,0,0,0,0,0,0,0,4,0
399,1,47.82,1,1,1,0,0,0,0,0,0,0,0,0,0,0,0,0,0,0,0,0,1,0
400,0,32.43,0,0,0,0,0,1,0,0,0,0,0,0,0,0,0,0,0,1,0,0,5,0
401,1,38.04,1,0,0,0,0,0,0,0,0,0,1,0,0,0,0,0,0,0,1,0,4,0
402,0,26.47,1,1,1,0,0,0,0,0,0,0,0,0,0,0,0,0,0,0,0,0,4,0
403,0,29.58,1,1,0,0,0,0,0,0,0,0,0,0,0,0,0,0,0,0,0,0,3,0
404,0,28.22,1,1,1,0,0,0,0,0,0,0,0,0,0,0,0,0,0,0,0,0,3,0
405,1,66.04,1,0,0,0,0,1,0,0,0,0,0,0,1,0,0,0,0,0,0,0,4,0
406,0,39.83,1,0,0,0,0,0,0,0,0,0,0,0,1,0,0,1,0,0,0,0,4,0
407,0,33.65,1,0,0,0,0,1,0,0,0,0,0,0,0,0,0,0,0,0,0,0,4,0
408,1,60.21,0,0,0,0,1,0,0,1,0,0,0,0,0,0,0,0,0,0,0,0,1,0
409,0,35.18,1,1,1,0,0,0,0,0,0,0,0,0,0,0,0,0,0,0,0,0,1,0
410,0,35.12,1,0,0,0,0,0,0,0,0,0,0,0,0,0,0,0,0,0,0,0,4,0
411,0,58.46,1,0,0,0,0,0,0,0,0,0,0,0,0,0,0,0,0,0,0,0,3,0
412,1,26.14,1,0,1,0,0,0,0,0,0,0,0,0,0,0,1,0,0,0,0,0,3,0
413,0,30.31,1,1,1,0,0,0,0,0,0,0,0,0,0,0,0,0,0,0,0,0,0,0
414,1,38.22,1,0,0,0,1,0,0,1,0,0,0,0,0,0,1,0,0,0,0,0,1,0
415,0,35.89,1,1,1,0,0,0,0,0,0,0,0,0,0,0,0,0,0,0,0,0,3,0
416,0,39.8,1,0,0,0,0,1,0,0,0,0,1,0,0,0,0,0,0,0,0,0,4,0
417,0,55.84,0,0,0,0,0,0,0,0,0,1,0,0,0,0,0,0,0,0,0,0,1,0
418,1,49.92,1,1,1,0,0,0,0,0,0,0,0,0,0,0,0,0,0,0,0,0,3,0
419,0,50.16,1,0,1,0,0,0,0,0,0,0,0,0,0,0,0,0,0,0,0,0,3,0
420,0,52.45,1,1,1,0,0,0,0,0,0,0,0,0,1,0,0,0,0,0,0,0,1,0
421,1,51.33,0,0,0,1,1,0,0,0,0,0,0,0,0,0,0,0,0,0,0,0,1,0
422,1,61.78,0,0,0,0,1,0,0,0,0,0,0,0,0,0,0,0,0,0,0,0,1,0
423,1,52.41,1,1,1,0,0,0,0,0,0,0,0,0,0,0,0,0,0,0,0,0,0,0
424,0,35.18,1,1,1,0,0,0,0,0,0,0,0,0,0,0,0,0,0,0,0,0,0,0
425,1,47.73,1,0,0,0,0,1,0,0,0,0,1,0,0,0,0,0,0,0,0,0,4,0
426,1,35.19,0,0,0,0,0,0,0,0,0,0,0,0,0,0,0,0,0,1,0,0,3,0
427,1,31.29,1,1,1,0,0,0,0,0,0,0,0,0,0,0,0,0,0,0,0,0,3,0
428,0,31.1,1,0,0,0,0,1,0,0,0,0,0,0,0,0,0,0,1,0,0,0,4,0
429,1,37.14,1,0,0,0,0,1,0,0,0,0,1,0,0,0,0,0,0,0,0,0,5,0
430,0,37.27,1,1,1,0,0,0,0,0,0,0,0,0,1,0,0,0,0,0,0,0,5,0
431,1,52.43,1,0,0,0,0,0,0,0,0,0,0,0,0,0,0,0,0,0,0,0,5,0
432,0,42.68,1,1,1,0,0,0,0,0,0,0,0,0,0,0,0,0,0,0,0,0,0,0
433,0,32.32,1,1,0,0,0,0,0,0,0,0,0,0,0,0,0,0,0,0,0,0,3,0
434,0,61.06,1,0,0,0,0,1,0,0,1,0,1,0,0,0,0,0,0,0,0,0,3,0
435,1,48.21,1,0,0,0,0,1,0,0,0,0,0,0,0,0,0,0,0,0,0,0,4,0
436,0,34.12,1,1,1,0,0,0,1,0,0,0,0,0,0,0,0,0,0,0,0,0,1,0
437,0,30.69,1,0,0,0,0,1,0,1,0,0,0,0,0,0,0,0,0,0,0,0,5,0
438,0,30.24,1,1,1,0,0,0,0,0,1,0,0,0,0,0,0,0,0,0,0,0,3,0
439,0,28.53,1,1,1,0,0,0,0,0,0,0,0,0,0,0,0,0,0,0,0,0,0,0
440,0,47.62,1,1,1,0,0,0,0,0,0,0,0,0,0,0,0,1,0,0,0,0,3,0
441,0,35.25,0,0,0,0,0,1,0,1,0,0,0,0,0,0,0,0,0,1,0,0,4,0
442,0,23.47,0,1,1,0,0,0,0,0,1,0,0,0,0,0,0,0,0,0,0,0,1,0
443,0,49.72,1,1,1,1,0,0,0,0,0,0,0,0,0,1,0,0,0,0,0,0,1,0
444,0,36.21,1,0,0,0,0,1,0,0,0,0,0,0,0,0,0,0,0,0,0,0,3,0
445,0,22.82,1,1,0,0,0,0,0,0,0,0,0,0,0,0,0,0,0,0,0,0,1,0
446,0,42.01,1,1,0,0,0,0,0,0,0,0,0,0,0,0,0,0,0,0,0,0,3,0
447,1,28.58,0,0,0,0,0,1,0,0,0,0,0,0,0,0,0,0,0,1,0,0,3,0
448,0,25.64,1,0,0,0,0,1,0,0,0,0,0,0,0,0,0,0,0,0,0,0,4,0
449,0,66.01,0,0,0,1,0,0,0,0,1,0,0,0,0,0,0,0,0,0,0,0,3,0
450,0,46.5,0,1,0,0,0,0,0,0,0,0,0,0,0,0,0,0,0,0,0,0,1,0
451,1,57.85,0,0,0,1,1,0,0,0,0,0,0,0,0,0,0,0,0,0,0,0,1,0
452,0,43.06,1,0,0,0,0,0,0,1,0,0,0,0,0,0,0,0,0,0,0,0,3,0
453,1,49.85,0,0,0,0,0,0,0,0,0,0,0,0,0,0,0,0,0,0,0,0,3,0
454,0,33.27,1,1,1,0,0,0,0,0,0,0,0,0,0,0,0,0,0,0,0,0,1,0
455,0,27.84,1,1,1,0,0,0,0,0,0,0,0,0,0,0,0,1,0,0,0,0,0,0
456,1,62.45,1,1,1,0,0,0,0,0,0,0,0,0,0,0,0,0,0,0,0,0,0,0
457,1,55.42,1,0,0,0,0,1,0,0,1,0,1,0,1,0,0,0,0,0,0,0,3,0
458,1,37.78,1,0,0,0,0,1,0,0,0,0,0,0,0,0,0,0,0,0,0,0,4,0
459,0,37.29,1,1,1,0,0,0,0,0,0,0,0,0,0,0,0,0,0,0,0,0,1,0
460,0,32.33,1,1,0,0,0,0,0,0,0,0,0,0,0,0,0,0,0,0,0,0,3,0
461,0,38.39,1,1,1,0,0,0,0,0,0,0,0,0,0,0,0,0,0,0,0,0,3,0
462,1,42.79,1,1,0,0,0,0,0,1,0,0,0,0,0,0,0,0,0,0,0,0,4,0
463,0,47.45,0,0,0,0,0,0,0,0,0,0,0,0,0,0,0,0,0,0,0,0,4,0
464,0,54.62,1,0,0,0,0,1,0,1,0,0,1,0,0,0,0,0,0,0,0,0,4,0
465,1,29.13,1,1,1,0,0,0,0,0,0,0,0,0,0,0,0,0,0,0,0,0,3,0
466,1,39.98,1,1,1,0,0,0,0,0,0,0,0,0,0,0,0,0,0,0,0,0,0,0
467,0,28.68,1,0,0,0,0,1,0,1,0,0,0,0,0,0,0,0,0,0,0,0,4,0
468,1,23.3,1,1,1,0,0,0,0,0,0,0,0,0,0,0,0,0,0,0,0,0,3,0
469,0,21.76,1,1,0,0,0,0,0,0,0,0,0,0,0,0,0,0,0,0,0,0,4,0
470,0,38.63,1,1,0,0,0,0,0,0,0,0,0,0,0,0,0,0,0,0,0,0,0,0
471,1,49.83,1,1,1,0,0,0,0,0,0,0,0,0,0,0,0,0,0,0,0,0,5,0
472,1,38.84,1,0,0,0,0,1,0,0,0,0,0,0,0,1,0,0,0,0,0,0,4,0
473,1,22.56,1,0,0,0,0,0,1,0,0,0,0,0,0,0,0,0,0,0,0,0,3,0
474,0,67.59,1,1,1,0,0,0,0,0,0,0,0,0,0,0,0,0,0,0,0,0,3,0
475,1,73.9,1,1,1,0,0,0,0,0,0,0,0,0,0,0,0,0,0,0,0,0,4,0
476,0,62.27,1,0,0,0,0,1,0,0,0,0,0,0,1,0,0,0,0,0,0,0,3,0
477,1,57.86,1,1,1,0,0,0,0,0,0,0,0,0,0,0,0,0,0,0,0,0,3,0
478,0,30.92,1,1,0,0,0,0,0,0,0,0,0,0,0,0,0,0,0,0,0,0,3,0
479,0,20.23,1,1,1,0,0,0,0,0,0,0,0,0,0,0,0,0,0,0,0,0,3,0
480,1,41.32,1,0,0,0,0,0,0,0,0,0,0,0,0,0,0,0,0,0,0,0,5,0
481,1,53.71,1,0,0,0,0,1,0,0,0,0,0,0,0,0,0,1,0,0,0,0,4,0
482,0,34.65,1,1,1,0,0,0,0,0,0,0,0,0,0,0,0,0,0,0,0,0,1,0
483,1,51.96,1,1,0,0,0,0,0,0,0,0,0,0,0,0,0,0,0,0,0,0,1,0
484,1,30.09,1,1,0,0,0,0,0,0,0,0,0,0,0,0,0,0,0,0,0,0,1,0
485,0,58.0,0,0,0,1,1,0,0,0,0,0,0,0,0,0,0,0,0,0,0,0,1,0
486,0,31.48,1,1,1,0,0,0,0,0,0,0,0,0,0,0,0,0,0,0,0,0,3,0
487,1,57.39,0,0,0,0,0,0,0,0,0,0,0,0,0,0,0,0,0,0,0,0,2,1
488,1,49.72,0,0,0,0,0,0,0,0,0,1,0,0,0,0,0,0,0,0,0,0,2,1
489,0,60.29,0,0,0,1,0,0,0,0,0,1,0,0,0,0,0,0,0,0,0,0,2,1
490,0,73.68,0,1,0,1,0,0,0,0,0,0,0,0,0,0,1,0,0,0,0,0,2,1
491,1,64.82,0,0,0,0,0,0,0,0,0,0,0,0,0,0,0,0,0,0,0,0,2,1
492,0,33.65,0,0,0,1,1,0,0,0,0,0,0,1,0,0,1,0,0,0,0,0,2,1
493,0,67.41,0,0,0,0,0,0,0,0,0,0,0,0,0,0,0,0,0,0,0,0,2,1
494,1,72.2,0,1,0,1,1,0,0,0,0,0,0,0,0,1,0,0,0,0,0,0,2,1
495,0,69.34,0,0,0,0,0,0,0,0,0,0,0,0,0,0,0,0,0,0,0,0,2,1
496,1,79.11,0,0,0,0,0,0,0,0,0,0,0,1,0,0,0,0,0,0,0,0,2,1
497,0,68.02,0,0,0,0,0,0,1,0,0,0,0,0,0,0,0,0,0,0,0,0,2,1
498,1,76.01,0,0,0,1,1,0,1,0,0,0,0,0,0,0,0,0,0,0,0,0,2,1
499,0,82.04,0,1,0,1,0,0,0,0,0,1,0,1,0,0,0,0,0,0,0,0,2,1
500,0,58.02,0,0,0,1,1,0,0,0,0,0,0,0,0,0,0,0,0,0,0,0,2,1
501,1,52.69,0,0,0,0,0,0,0,0,0,0,0,0,0,0,0,0,0,0,0,0,2,1
502,1,81.59,0,0,0,1,1,0,0,0,0,0,0,0,0,0,0,0,1,0,0,0,2,1
503,1,74.47,0,0,0,0,0,0,1,0,0,0,0,0,0,0,0,0,0,0,0,1,2,1
504,0,76.24,0,0,0,1,0,0,0,0,0,0,0,0,0,0,0,0,0,0,0,0,2,1
505,0,57.3,0,0,0,0,0,0,0,0,0,0,0,0,0,0,0,0,0,0,0,0,2,1
506,1,67.33,0,0,0,0,0,0,0,0,0,0,0,0,0,0,0,0,0,0,1,0,2,1
507,0,63.86,0,0,0,0,1,0,1,0,0,0,0,0,0,0,0,0,1,0,0,0,2,1
508,1,64.39,0,0,1,0,0,0,0,0,0,1,0,0,0,0,0,0,0,0,0,0,2,1
509,1,69.14,0,0,0,0,1,0,0,1,0,0,0,0,0,0,0,0,0,0,0,0,2,1
510,0,66.08,0,0,0,1,0,0,0,0,0,0,0,0,0,0,0,0,0,0,0,0,2,1
511,0,54.95,0,1,0,0,0,0,0,1,0,0,0,1,0,0,0,0,0,0,0,0,2,1
512,1,45.63,1,1,1,0,0,0,0,0,0,0,0,0,0,1,0,0,0,0,0,0,2,1
513,0,36.6,0,0,0,1,0,0,0,0,0,0,0,0,0,0,0,0,0,0,0,0,2,1
514,0,49.48,0,1,0,0,0,0,0,0,0,0,0,0,0,0,0,0,0,0,0,0,2,1
515,1,69.6,0,0,0,1,0,0,1,0,0,1,0,0,0,0,0,0,0,0,0,0,2,1
516,1,54.93,0,0,0,0,0,0,1,0,1,0,0,0,0,0,0,0,0,0,0,0,2,1
517,0,58.9,0,1,0,1,0,0,0,0,0,1,0,1,0,0,0,0,0,0,0,0,2,1
518,1,61.5,0,0,0,0,0,0,0,0,0,0,0,0,0,0,0,0,0,0,0,0,2,1
519,0,64.52,0,0,0,1,1,0,0,0,0,0,0,0,0,0,0,0,0,0,0,0,2,1
520,0,65.85,0,0,0,0,1,0,1,1,0,0,0,0,0,0,1,0,0,0,0,0,2,1
521,0,60.82,0,0,0,0,0,0,0,0,0,0,0,0,0,0,0,0,0,0,0,0,2,1
522,1,53.85,0,1,0,0,0,0,0,0,0,0,0,0,0,0,0,0,0,0,0,0,2,1
523,0,39.53,0,0,0,0,0,0,0,0,0,0,0,1,0,0,0,0,0,0,0,0,2,1
524,0,58.62,0,1,0,1,0,0,0,0,0,0,0,1,0,0,0,0,1,0,0,0,2,1
525,0,56.47,0,0,0,0,0,0,0,1,0,0,0,0,0,0,0,0,0,0,0,0,2,1
526,0,65.94,0,1,0,0,0,0,0,0,0,0,0,1,0,0,0,0,0,0,0,0,2,1
527,1,36.16,1,1,1,0,0,0,0,0,0,0,0,0,0,0,0,0,0,0,0,0,2,1
528,0,72.53,0,0,0,0,0,0,0,0,0,0,0,0,0,0,0,0,0,0,0,0,2,1
529,0,48.95,0,1,0,1,0,0,0,0,0,1,0,0,0,0,0,0,0,0,0,0,2,1
530,0,39.43,0,0,0,1,0,0,1,0,0,0,0,0,0,0,0,0,0,0,0,0,2,1
531,0,54.48,0,0,0,1,0,0,1,0,1,0,0,0,0,0,0,0,1,0,0,0,2,1
532,1,63.91,0,0,0,1,1,0,1,0,0,0,0,0,0,0,0,0,0,0,0,0,2,1
533,0,66.44,0,0,0,0,1,0,1,0,0,1,0,0,0,0,0,0,0,0,0,0,2,1
534,1,52.27,0,0,0,0,1,0,0,0,0,0,0,0,0,0,0,0,0,0,0,0,2,1
535,0,64.82,0,0,0,0,0,1,1,0,0,0,0,0,0,0,0,0,0,0,0,0,2,1
536,0,89.29,0,0,0,1,0,0,0,0,0,0,0,0,0,0,0,0,0,0,0,0,2,1
537,0,54.66,0,0,0,1,0,0,0,0,0,0,0,0,0,0,0,0,0,0,0,0,2,1
538,0,60.72,0,0,0,0,0,0,0,1,1,0,0,0,0,0,0,0,0,0,0,0,2,1
539,1,77.32,0,1,0,0,0,0,1,0,0,0,0,0,0,0,0,0,0,0,0,0,2,1
540,0,60.72,0,0,0,0,0,0,1,0,0,1,0,0,0,0,0,0,0,0,0,0,2,1
541,0,80.17,0,0,0,0,1,0,0,0,0,0,0,1,0,0,0,0,1,0,0,0,2,1
542,0,51.72,0,0,0,0,1,0,0,0,0,0,0,0,0,0,0,0,0,0,0,0,2,1
543,0,53.4,0,0,0,0,0,0,1,0,0,0,0,0,0,0,0,0,0,0,0,0,2,1
544,0,43.86,0,0,0,0,1,0,0,0,0,1,0,0,0,0,0,0,0,0,0,0,2,1
545,0,74.39,0,0,0,0,0,0,1,0,0,0,0,0,0,0,0,1,0,0,0,0,2,1
546,0,76.32,0,0,0,0,0,0,1,0,0,0,0,0,0,0,0,0,0,0,0,0,2,1
547,0,49.62,0,0,0,0,0,0,0,0,0,0,0,0,0,0,0,0,0,0,0,0,2,1
548,1,48.91,0,0,0,1,1,0,0,0,1,0,0,0,0,0,0,0,0,0,0,0,2,1
549,0,68.92,0,0,0,0,0,0,0,0,0,0,0,0,0,0,0,0,0,0,1,0,2,1
550,1,74.98,0,1,0,0,0,0,0,0,1,0,0,0,0,0,0,0,0,0,0,0,2,1
551,0,69.58,0,0,0,0,1,0,0,0,0,0,0,0,0,0,0,0,0,0,0,0,2,1
552,1,64.53,0,0,0,0,0,0,0,0,0,0,0,0,0,0,0,0,0,0,0,0,2,1
553,0,58.39,0,0,0,0,0,0,0,0,0,0,0,0,0,0,0,0,0,0,0,0,2,1
554,1,47.24,0,1,0,0,0,0,0,0,0,0,0,0,0,0,0,0,0,0,0,0,2,1
555,0,61.77,0,0,0,0,1,0,0,0,0,0,0,0,0,0,0,0,0,0,0,1,2,1
556,0,75.53,0,1,0,0,0,0,0,0,0,0,0,0,0,0,0,0,0,0,0,0,2,1
557,0,52.67,0,1,0,1,0,0,0,0,0,0,0,0,0,0,0,0,0,0,0,0,2,1
558,0,47.55,0,0,0,1,0,0,0,0,0,0,0,0,0,0,0,0,0,0,0,0,2,1
559,1,21.79,0,1,1,0,0,0,0,0,0,0,0,0,0,0,0,0,0,0,0,0,2,1
560,0,72.46,0,0,0,0,0,0,0,0,1,0,0,0,0,0,0,0,0,0,1,0,2,1
561,1,68.3,0,0,0,0,0,0,0,0,0,0,0,0,0,0,0,0,0,0,0,0,2,1
562,0,67.0,0,1,0,0,0,0,0,0,0,0,0,0,0,0,0,0,0,0,0,0,2,1
563,1,52.65,0,0,0,1,0,0,0,0,0,0,0,0,0,0,0,0,0,0,0,0,2,1
564,0,59.03,0,1,0,0,0,0,0,0,1,0,0,0,0,0,0,0,0,0,0,0,2,1
565,1,59.41,0,1,0,0,0,0,1,1,0,0,0,0,0,0,0,0,0,0,0,0,2,1
566,0,48.99,0,1,1,1,0,0,0,0,0,0,0,0,0,0,0,0,1,1,0,0,2,1
567,0,76.16,0,0,0,1,1,0,0,0,0,0,0,0,0,0,0,0,0,0,0,0,2,1
568,0,72.53,0,0,0,0,1,0,1,0,0,0,0,0,0,0,0,0,1,0,0,0,2,1
569,0,67.51,0,0,0,0,0,0,1,0,0,0,0,0,0,0,0,0,0,0,0,0,2,1
570,1,82.32,0,0,0,0,0,0,0,0,0,0,0,0,0,0,0,0,0,0,0,0,2,1
571,1,64.57,0,0,0,0,0,0,0,0,0,0,0,0,0,0,0,0,0,0,0,0,2,1
572,0,75.73,0,1,0,0,0,0,0,0,0,0,0,1,0,0,0,0,0,0,0,0,2,1
573,1,85.61,0,0,0,0,0,0,0,1,0,0,0,0,0,0,0,0,1,0,0,0,2,1
574,0,73.29,0,1,0,1,0,0,0,0,0,0,0,0,0,0,0,0,0,0,0,0,2,1
575,1,78.75,0,0,0,1,0,0,0,0,1,0,0,0,0,0,0,0,0,0,0,0,2,1
576,1,45.37,1,1,1,0,0,0,0,1,0,0,0,0,0,0,0,0,0,0,0,0,2,1
577,1,42.62,0,1,0,0,1,0,0,0,0,0,0,1,0,0,0,0,0,0,0,0,2,1
578,0,53.82,0,0,0,0,1,0,0,0,0,0,0,0,0,0,0,0,0,0,0,0,2,1
579,0,68.79,0,0,0,0,0,0,1,0,0,0,0,0,0,0,0,0,0,0,0,0,2,1
580,0,43.67,1,1,0,0,0,0,0,0,0,0,0,0,0,0,0,0,0,0,0,0,2,1
581,0,59.79,0,0,0,0,0,0,0,0,0,0,0,0,0,0,0,0,0,0,0,0,2,1
582,0,52.38,0,0,0,0,0,0,0,0,0,0,0,0,0,0,0,0,1,0,0,0,2,1
583,1,61.67,0,0,0,1,0,0,1,0,0,0,0,0,0,0,0,0,0,0,0,0,2,1
584,1,40.57,0,0,0,1,0,0,0,0,0,0,0,0,0,0,0,0,0,0,0,0,2,1
585,1,63.72,0,0,0,0,1,0,0,0,0,0,0,0,0,0,1,0,0,0,0,0,2,1
586,0,63.84,0,1,0,1,0,0,0,0,1,0,0,0,0,0,0,0,0,0,0,0,2,1
587,0,70.27,0,0,0,0,1,0,0,0,0,0,0,0,0,0,0,0,0,0,0,0,2,1
588,0,59.99,0,0,0,1,0,0,0,0,0,0,0,0,0,0,0,0,0,0,0,0,2,1
589,0,56.28,0,0,0,1,0,0,1,0,0,0,0,0,0,0,0,0,0,0,0,0,2,1
590,0,62.52,0,1,0,1,0,0,0,0,1,0,0,0,0,0,0,0,0,0,0,0,2,1
591,0,24.23,0,1,1,0,0,0,0,0,0,0,0,0,0,0,0,0,0,0,0,0,2,1
592,1,72.95,0,1,0,0,1,0,0,0,0,0,0,0,0,0,1,0,0,0,0,0,2,1
593,0,54.55,0,0,0,0,0,0,0,0,0,0,0,0,0,0,0,0,0,0,0,0,2,1
594,0,86.42,0,0,0,0,0,0,0,0,0,0,0,1,0,1,0,0,0,0,0,0,2,1
595,0,62.61,0,0,0,0,1,0,0,0,0,0,0,0,0,0,0,0,0,0,0,0,2,1
596,1,63.27,0,0,0,1,0,0,0,0,1,0,0,0,0,0,0,0,0,0,0,0,2,1
597,1,58.55,0,0,0,0,0,0,0,0,0,0,0,0,0,0,0,0,0,0,0,0,2,1
598,0,60.01,0,1,0,0,1,0,0,0,0,0,0,1,0,0,0,0,0,0,0,0,2,1
599,0,67.05,0,0,0,0,0,0,0,0,0,0,0,0,0,0,1,0,0,0,0,0,2,1
600,0,23.85,1,1,1,0,1,0,0,0,0,1,0,0,0,0,0,0,0,0,0,0,2,1
601,0,58.16,0,0,0,1,0,0,0,0,1,0,0,0,0,0,0,0,1,0,0,0,2,1
602,0,64.05,0,0,0,0,0,0,0,0,0,0,0,0,0,0,1,0,0,0,0,0,2,1
603,0,65.1,0,0,0,1,0,0,0,0,0,0,0,0,0,0,0,0,0,0,0,0,2,1
604,1,61.09,0,1,0,1,0,0,1,0,0,0,0,0,0,0,0,0,0,0,0,0,2,1
605,0,52.44,0,0,0,0,1,0,0,1,0,0,0,0,0,0,0,0,0,0,0,0,2,1
606,1,78.72,0,1,1,0,0,0,1,0,1,1,0,0,0,0,0,0,0,0,0,0,2,1
607,0,63.33,0,1,0,1,0,0,0,0,0,0,0,1,0,1,0,0,0,0,0,0,2,1
608,0,63.24,0,0,0,0,0,0,0,0,0,0,0,0,0,0,0,0,0,0,0,0,2,1
609,1,23.36,0,1,1,0,1,1,1,1,1,1,1,1,0,1,1,1,1,1,1,1,2,1
610,0,65.26,0,1,0,0,0,0,0,0,0,0,0,1,0,0,0,0,0,0,0,0,2,1
611,0,50.22,0,1,0,0,1,0,0,0,0,1,0,0,0,0,0,0,0,0,0,0,2,1
612,0,55.57,0,1,0,0,0,0,0,0,0,0,0,0,0,0,0,0,0,0,0,0,2,1
613,0,60.71,0,1,0,1,0,0,0,1,0,0,0,1,0,0,0,0,0,0,0,0,2,1
614,1,62.6,0,1,0,1,0,0,0,0,0,0,0,0,0,0,0,0,0,0,0,0,2,1
615,0,69.26,0,0,1,0,0,0,0,0,0,1,0,0,0,0,0,0,0,0,0,0,2,1
616,0,56.51,0,0,0,0,0,0,0,0,0,0,0,0,0,0,0,0,0,0,0,0,2,1
617,1,76.2,0,1,0,0,0,0,0,0,0,1,0,0,0,0,0,0,0,0,0,1,2,1
618,0,76.69,0,1,0,1,0,0,0,0,0,0,0,0,0,0,0,0,0,0,0,0,2,1
619,0,86.02,0,1,0,0,1,0,0,0,0,0,0,1,0,0,0,0,0,0,0,0,2,1
620,1,69.22,0,0,0,0,1,0,0,0,0,0,0,0,0,0,0,0,0,0,0,0,2,1
621,0,59.6,0,0,0,0,0,0,0,1,0,0,0,0,0,0,0,0,0,0,0,0,2,1
622,1,75.92,0,1,0,1,0,0,0,0,0,0,0,0,0,1,0,0,0,0,0,0,2,1
623,0,57.55,0,0,0,1,0,0,0,0,0,0,0,0,0,0,0,0,0,0,0,0,2,1
624,0,69.7,0,0,0,0,0,0,0,0,1,0,0,0,0,0,0,0,0,0,0,0,2,1
625,1,45.62,0,1,1,1,0,0,1,0,0,0,0,1,0,0,0,0,0,0,0,0,2,1
626,0,47.36,0,0,0,0,0,0,0,0,0,0,0,0,0,0,0,0,0,0,0,0,2,1
627,0,74.16,0,0,0,0,0,0,0,0,0,1,0,0,0,0,0,0,0,0,0,0,2,1
628,0,60.01,0,0,0,0,1,0,0,0,0,0,0,0,0,0,0,0,0,0,0,0,2,1
629,0,78.25,0,1,0,1,0,0,0,0,0,0,0,0,0,0,0,0,0,0,0,0,2,1
630,0,59.18,0,1,0,0,1,0,0,0,0,0,0,1,0,0,0,0,0,0,0,0,2,1
631,1,21.73,1,1,1,0,0,0,0,1,0,0,0,0,0,0,0,0,0,0,0,0,2,1
632,0,81.09,0,0,0,0,0,0,0,1,0,0,0,0,0,0,0,0,0,0,0,0,2,1
633,0,70.16,0,1,0,0,0,0,1,0,0,0,0,0,0,0,0,0,0,0,0,1,2,1
634,1,62.42,0,1,0,1,0,0,0,0,0,0,0,1,0,0,0,0,0,0,1,0,2,1
635,1,75.52,0,0,0,1,0,0,0,0,0,0,0,0,0,0,0,0,0,0,0,0,2,1
636,0,60.37,1,1,1,0,0,0,0,0,0,0,0,0,0,0,0,0,0,0,0,0,2,1
637,1,63.15,0,1,0,0,0,0,1,0,0,0,0,0,0,1,0,0,0,0,0,1,2,1
638,0,61.14,0,1,0,1,0,0,1,0,0,0,0,1,0,0,0,0,0,0,0,0,2,1
639,1,47.19,0,0,0,1,0,0,0,0,0,0,0,1,0,0,0,0,0,0,0,0,2,1
640,1,76.41,0,1,0,0,0,0,0,0,0,0,0,0,0,0,0,0,0,0,0,0,2,1
641,1,84.79,0,0,0,0,0,0,0,0,0,0,0,0,0,0,0,0,0,0,0,0,2,1
642,0,77.42,0,0,0,0,0,0,0,1,0,0,0,0,0,0,0,0,0,0,1,0,2,1
643,1,48.5,0,0,0,1,0,0,0,0,0,0,1,0,0,0,0,0,1,0,0,0,2,1
644,1,69.61,0,1,0,0,0,0,0,0,0,0,0,0,0,0,0,0,0,0,0,0,2,1
645,0,56.03,0,0,0,0,0,0,0,0,0,1,0,0,0,0,0,0,0,0,0,0,2,1
646,1,76.47,0,1,0,1,1,0,1,0,0,0,0,1,0,0,0,0,0,0,0,0,2,1
647,0,70.32,0,1,0,0,0,0,0,0,0,0,0,0,0,0,0,0,1,0,0,0,2,1
648,0,34.73,1,1,1,0,0,1,0,0,0,0,0,0,0,0,0,0,0,0,0,0,2,1
649,0,68.93,0,0,0,1,1,0,0,0,0,0,0,0,0,0,0,0,0,0,0,0,2,1
650,0,54.59,1,1,1,0,1,0,0,0,0,0,0,0,0,0,0,0,0,0,0,0,2,1
651,0,74.86,0,0,0,1,0,0,0,0,1,1,0,0,0,0,0,0,0,0,0,0,2,1
652,0,73.53,0,0,0,0,1,0,0,0,0,0,0,0,0,0,0,0,0,0,0,0,2,1
653,0,57.31,0,0,0,0,0,0,0,0,0,1,0,0,0,0,0,0,0,0,0,0,2,1
654,0,44.63,0,0,0,0,1,0,1,0,0,0,0,0,0,0,0,0,1,0,0,0,2,1
655,0,83.73,0,1,0,1,0,0,0,0,0,0,0,0,0,1,0,0,0,0,0,1,2,1
656,0,74.8,0,0,0,0,0,0,0,0,0,0,0,0,0,0,0,0,0,0,0,0,2,1
657,0,51.75,0,0,0,1,0,0,0,1,0,0,0,0,0,1,0,0,0,0,0,0,2,1
658,0,52.16,0,0,0,0,0,0,0,0,1,0,0,0,0,0,0,0,1,0,0,0,2,1
659,0,73.28,0,0,0,1,1,0,0,0,0,0,0,0,0,0,0,0,0,0,0,0,2,1
660,0,81.84,0,0,0,1,0,0,0,0,0,0,0,0,0,0,0,0,0,0,0,0,2,1
661,1,78.26,0,0,0,0,0,0,0,0,0,0,0,0,0,0,0,0,0,0,0,0,2,1
662,0,57.85,0,1,0,0,0,0,0,0,0,0,0,0,0,0,0,0,0,0,0,0,2,1
663,1,53.4,0,0,0,1,1,0,0,0,0,0,0,0,0,0,0,0,0,0,0,0,2,1
664,1,50.9,0,0,0,0,1,0,0,0,0,0,0,0,0,0,0,0,0,0,0,0,2,1
665,1,78.15,0,0,0,0,0,0,0,0,0,0,0,0,0,0,0,0,0,0,0,1,2,1
666,1,76.65,0,0,0,0,0,0,0,0,0,1,0,0,0,0,0,0,0,0,1,0,2,1
667,0,57.32,0,0,0,1,1,0,0,0,0,0,0,0,0,0,0,0,1,0,0,0,2,1
668,0,36.3,0,1,0,1,0,0,0,0,0,0,0,0,0,0,0,0,0,0,0,0,2,1
669,1,72.78,0,0,0,0,0,0,0,1,0,0,0,0,0,0,0,0,0,0,0,0,2,1
670,0,31.03,1,1,1,0,0,0,0,0,0,0,0,0,0,0,0,0,0,0,0,0,2,1
671,0,65.18,0,0,0,1,0,0,0,0,1,0,0,0,0,0,0,0,0,0,0,0,2,1
672,0,63.55,0,0,0,0,0,0,0,0,0,0,0,0,0,0,0,0,0,0,0,0,2,1
673,1,49.96,1,1,0,0,0,0,0,0,0,0,0,0,0,0,0,0,0,0,0,0,2,1
674,1,59.85,0,0,0,1,0,0,0,0,0,0,0,0,0,0,0,0,0,0,0,0,2,1
675,0,69.64,0,1,0,1,1,0,0,0,0,0,0,0,0,0,1,0,0,0,0,0,2,1
676,0,62.83,0,0,0,0,0,0,0,1,0,0,0,0,0,0,0,0,0,0,0,0,2,1
677,1,52.74,0,0,0,0,0,0,0,0,0,0,0,0,0,0,0,0,0,0,0,0,2,1
678,0,56.81,0,0,0,1,0,0,0,0,0,0,0,0,0,0,0,0,0,0,0,0,2,1
679,0,81.46,0,0,0,0,0,0,0,0,1,1,0,0,0,0,0,0,0,0,0,0,2,1
680,0,40.8,0,0,0,0,0,0,0,0,0,0,0,0,0,0,0,0,0,0,0,0,2,1
681,1,81.87,0,0,0,0,0,0,1,0,0,0,0,0,0,0,0,0,0,0,0,0,2,1
682,1,50.47,0,0,0,0,0,0,0,0,0,0,0,0,0,0,0,0,0,0,0,0,2,1
683,1,38.02,0,0,0,0,0,0,0,0,0,0,0,0,0,0,0,0,0,0,0,0,2,1
684,0,48.5,0,1,0,1,0,0,0,0,0,0,0,0,0,0,0,0,0,0,0,0,2,1
685,0,51.24,0,0,0,0,0,0,0,0,0,1,0,0,0,0,0,0,0,0,0,0,2,1
686,0,66.93,0,0,0,0,1,0,1,0,0,0,0,0,0,0,0,0,0,0,0,1,2,1
687,0,71.86,0,1,0,1,0,0,0,0,0,0,0,0,0,0,0,0,0,0,0,0,2,1
688,1,24.43,0,1,0,0,0,0,0,0,1,0,0,0,0,0,0,0,0,0,0,0,2,1
689,1,63.53,0,0,0,1,0,0,0,0,0,0,0,0,0,0,0,0,0,0,0,0,2,1
690,0,69.32,0,0,0,1,0,0,0,0,0,0,0,0,0,0,0,0,0,0,0,0,2,1
691,1,78.02,0,1,0,0,0,0,0,1,0,0,0,0,0,0,0,0,0,0,0,0,2,1
692,0,30.42,0,0,0,1,0,0,0,0,0,0,0,0,0,0,0,0,0,0,0,0,2,1
693,1,52.79,1,1,0,0,0,0,0,0,0,0,0,0,0,0,0,0,0,0,1,0,2,1
694,0,65.16,0,0,0,1,0,0,0,0,0,1,0,0,0,0,0,0,0,0,0,0,2,1
695,0,78.74,0,0,0,0,0,0,0,0,0,1,0,0,0,0,0,0,0,0,0,0,2,1
696,0,61.1,0,1,0,1,0,0,1,0,0,0,0,0,0,0,0,0,0,0,0,0,2,1
697,0,50.47,0,0,0,0,0,0,0,0,0,0,0,0,0,0,0,0,0,0,0,0,2,1
698,0,39.16,1,1,1,0,0,0,0,0,0,0,0,0,0,0,0,0,0,0,0,0,2,1
699,0,55.13,0,1,0,1,1,0,0,0,0,0,0,0,0,0,1,0,0,0,0,0,2,1
700,0,66.22,0,0,0,0,0,0,1,0,1,0,0,0,0,0,0,0,0,0,0,1,2,1
701,0,49.02,0,0,0,1,0,0,0,0,0,0,0,0,0,0,0,0,0,0,0,0,2,1
702,1,54.21,0,0,1,1,1,0,0,0,0,0,0,0,0,0,0,0,0,0,0,0,2,1
703,0,58.13,0,0,0,0,1,0,0,0,0,0,0,0,0,0,0,0,0,0,0,0,2,1
704,1,73.01,0,0,0,0,0,0,0,0,1,0,0,0,0,0,0,0,0,0,0,0,2,1
705,1,53.83,0,0,0,0,0,0,0,0,0,0,0,0,0,0,0,0,0,0,0,0,2,1
706,0,63.8,0,0,0,0,1,0,0,0,0,0,0,0,0,0,0,0,0,0,0,0,2,1
707,1,66.52,0,0,0,1,0,0,0,0,0,0,0,0,0,0,0,0,0,0,0,0,2,1
708,0,49.88,0,0,0,1,0,0,0,0,0,0,0,0,0,0,0,0,0,0,0,0,2,1
709,0,59.92,0,0,0,0,0,0,1,0,0,0,0,0,0,0,0,0,0,0,0,0,2,1
710,0,54.9,0,0,0,0,1,0,0,0,1,0,0,0,0,0,0,0,0,0,0,0,2,1
711,0,57.75,0,0,0,0,0,0,0,0,0,0,0,0,0,0,0,0,0,0,0,0,2,1
712,1,59.43,0,1,0,1,1,0,0,1,0,0,0,0,0,0,0,0,0,0,0,0,2,1
713,1,44.15,0,0,0,0,0,0,0,0,1,0,0,1,0,0,0,0,0,0,0,0,2,1
714,1,58.04,0,0,0,0,0,0,0,0,0,0,0,0,0,0,0,0,0,0,0,0,2,1
715,0,65.05,0,1,0,0,1,0,0,0,0,0,0,0,0,0,1,0,0,0,0,0,2,1
716,0,67.09,0,0,0,0,0,0,0,1,0,0,0,0,0,0,0,0,0,0,0,0,2,1
717,1,75.47,0,0,0,0,0,0,0,0,0,0,0,0,0,0,0,0,0,0,1,0,2,1
718,0,88.57,0,0,0,0,0,0,0,0,1,0,0,0,0,0,0,0,0,0,0,0,2,1
719,1,38.56,0,1,0,0,0,0,0,0,0,0,0,0,0,0,0,0,0,0,0,0,2,1
720,1,53.23,0,0,0,0,1,0,0,0,0,0,0,0,0,0,0,0,0,0,0,0,2,1
721,1,75.35,0,0,0,0,0,0,0,0,0,0,0,0,0,0,0,0,0,0,0,0,2,1
722,0,66.74,0,1,0,1,0,0,0,0,1,0,0,0,0,0,0,0,1,0,0,0,2,1
723,0,51.14,0,0,0,0,0,0,0,0,0,0,0,0,0,0,0,0,0,0,0,0,2,1
724,0,40.99,1,1,1,1,0,0,0,0,0,0,0,0,0,0,0,0,0,0,0,0,2,1
725,1,58.02,0,0,0,0,0,0,1,0,0,0,0,0,0,0,0,0,0,0,0,0,2,1
726,0,57.08,0,1,0,1,0,0,0,0,0,0,0,0,0,0,0,0,0,0,0,0,2,1
727,0,40.73,0,0,0,0,0,0,0,0,0,0,0,0,0,0,0,0,0,0,0,0,2,1
728,0,40.56,1,1,1,0,0,0,0,0,0,0,0,0,0,0,0,0,0,0,0,0,2,1
729,0,54.24,0,1,0,0,0,0,0,0,0,0,0,1,0,0,0,0,0,0,0,0,2,1
730,0,53.37,0,1,0,0,1,0,1,1,0,0,0,0,0,0,0,0,0,0,0,0,2,1
731,1,56.02,0,0,0,0,0,0,0,0,0,0,0,0,0,0,0,0,0,0,0,0,2,1
732,1,59.84,0,0,0,0,0,0,0,0,0,0,0,0,0,0,0,0,0,0,0,0,2,1
733,1,75.32,0,1,0,1,0,0,0,0,0,0,0,0,0,1,0,0,0,0,0,0,2,1
734,0,59.03,0,0,0,1,1,0,0,0,0,0,0,0,0,0,0,0,0,0,0,0,2,1
735,1,44.37,0,0,1,0,0,0,0,1,0,0,0,0,0,0,0,0,0,0,0,0,2,1
736,0,46.65,0,1,0,0,0,0,0,0,0,0,0,0,0,0,0,0,0,0,0,0,2,1
737,0,68.68,0,0,0,0,1,0,0,0,0,0,0,0,0,0,0,0,0,0,0,0,2,1
738,1,30.93,1,1,1,0,0,0,0,0,0,0,0,0,0,0,0,0,0,0,0,0,2,1
739,1,64.82,0,0,0,0,1,0,0,0,0,1,0,0,0,0,0,0,1,0,0,0,2,1
740,1,36.83,0,0,0,0,1,0,0,0,0,0,0,0,0,0,0,0,0,0,0,0,2,1
741,0,78.74,0,0,0,0,0,0,0,1,0,0,0,0,0,0,0,0,0,0,0,0,2,1
742,0,83.64,0,0,0,1,0,0,1,0,0,1,0,0,0,0,0,0,0,0,0,0,2,1
743,0,51.55,0,0,0,0,1,0,0,0,0,0,0,0,0,0,0,0,0,0,0,0,2,1
744,1,63.32,0,0,0,1,1,0,1,0,0,0,0,0,0,0,0,0,0,0,0,0,2,1
745,1,59.62,0,0,0,1,0,0,0,0,0,0,0,0,0,0,0,0,0,0,0,0,2,1
746,1,72.53,0,0,0,0,0,0,0,0,0,0,0,0,0,0,0,0,0,0,0,1,2,1
747,1,53.64,0,1,0,0,0,0,0,0,1,0,0,1,0,0,0,0,1,0,0,0,2,1
748,0,74.23,0,0,0,0,0,0,0,0,0,0,0,0,0,0,0,0,0,0,0,1,2,1
749,1,60.67,0,0,0,0,0,0,1,0,0,0,0,0,0,0,0,0,0,0,0,0,2,1
750,0,54.81,0,0,0,0,1,0,0,0,0,0,0,0,0,0,0,0,0,0,0,0,2,1
751,0,63.02,0,1,0,0,1,0,0,0,0,0,0,0,0,0,0,0,0,0,0,0,2,1
752,0,58.84,0,0,0,0,0,0,0,0,0,0,0,0,0,0,0,0,0,0,0,0,2,1
753,0,60.75,0,0,0,0,1,0,1,0,0,0,0,0,0,0,0,0,0,0,0,0,2,1
754,0,71.7,0,0,0,0,1,0,0,1,0,0,0,0,0,0,0,0,0,0,0,0,2,1
755,0,75.21,0,0,0,0,1,0,1,0,0,0,0,0,0,0,0,0,0,0,0,0,2,1
756,0,50.85,0,0,1,1,1,0,1,0,0,0,0,0,0,0,0,0,0,0,0,0,2,1
757,0,67.02,0,0,0,0,0,0,0,1,0,0,0,0,0,0,0,0,0,0,0,0,2,1
758,0,60.98,0,0,0,0,0,0,1,0,0,0,0,0,0,0,0,0,0,0,0,0,2,1
759,1,65.39,0,0,0,1,0,0,0,0,0,1,0,0,0,0,0,0,0,0,0,0,2,1
760,0,51.25,0,1,0,0,0,0,0,0,0,0,0,0,0,0,0,0,0,0,0,0,2,1
761,0,45.82,0,0,0,0,0,0,0,0,0,0,0,0,0,0,0,0,0,0,0,0,2,1
762,1,39.87,0,0,0,1,0,0,0,0,0,0,0,0,0,0,0,0,0,0,0,0,2,1
763,1,70.67,0,0,0,1,1,0,0,0,0,0,0,0,0,0,0,0,0,0,0,0,2,1
764,1,73.36,0,0,0,0,0,0,0,0,0,0,0,0,0,0,0,0,0,0,0,0,2,1
765,1,65.99,0,1,1,0,0,0,0,0,0,0,0,0,0,0,0,0,0,0,0,0,2,1
766,1,53.64,0,1,1,1,1,1,1,0,1,1,0,1,0,0,1,0,1,0,1,1,2,1
767,1,72.69,0,0,0,0,0,0,1,0,0,0,0,0,0,0,0,0,0,0,0,0,2,1
768,0,61.48,0,0,0,0,1,0,1,0,0,0,0,0,0,0,1,1,0,0,0,0,2,1
769,0,65.06,0,0,0,0,0,0,0,0,0,0,0,0,0,0,0,0,0,0,0,0,2,1
770,0,30.9,1,1,1,0,0,0,0,0,0,1,0,0,0,0,0,0,0,0,0,0,2,1
771,0,64.14,0,0,0,0,1,0,0,0,0,1,0,0,0,0,0,0,0,0,0,0,2,1
772,0,55.73,0,0,0,0,0,0,0,0,0,0,0,0,0,0,0,0,0,0,1,0,2,1
773,1,79.34,0,0,0,1,0,0,1,0,0,0,0,0,0,0,1,0,0,0,0,0,2,1
774,0,74.81,0,0,0,1,0,0,0,0,0,0,0,0,0,0,0,0,0,0,0,0,2,1
775,0,63.07,0,0,0,0,0,0,1,0,0,0,0,0,0,0,0,0,0,0,0,0,2,1
776,1,81.06,0,0,0,0,0,0,0,0,1,0,0,0,0,0,0,0,0,0,0,0,2,1
777,1,53.24,0,1,0,0,0,0,0,0,0,0,0,0,0,0,0,0,0,0,0,0,2,1
778,0,69.94,0,0,0,0,0,0,0,0,1,0,0,0,0,0,0,0,0,0,0,0,2,1
779,0,60.94,1,0,1,0,0,0,0,0,0,1,0,0,0,0,0,0,0,0,0,0,2,1
780,0,55.59,0,0,0,0,1,0,0,1,0,0,0,0,0,0,0,0,0,0,0,0,2,1
781,1,75.94,0,1,0,0,1,0,0,0,0,0,0,0,0,0,0,0,0,0,0,0,2,1
782,0,47.96,0,0,0,0,1,0,1,0,0,0,0,0,0,0,0,0,0,0,0,0,2,1
783,1,71.19,0,1,0,1,0,0,0,0,0,0,0,1,0,0,0,0,0,0,0,0,2,1
784,0,71.41,0,1,0,1,0,0,0,0,0,0,0,0,0,0,0,0,0,0,0,0,2,1
785,0,25.22,1,1,1,0,0,0,0,0,0,0,0,0,0,0,0,0,0,0,0,0,2,1
786,0,61.68,0,0,0,0,0,0,0,0,0,0,0,0,0,0,0,0,0,0,0,0,2,1
787,1,47.83,0,1,0,1,0,0,0,0,0,0,0,1,0,0,0,0,0,0,0,0,2,1
788,1,50.35,0,0,0,0,0,0,0,0,0,0,0,0,0,1,0,0,0,0,0,0,2,1
789,1,72.27,0,0,0,0,0,0,0,0,1,0,0,0,0,0,0,0,0,0,0,0,2,1
790,0,31.02,1,1,1,0,0,0,0,0,0,0,0,0,0,0,0,0,0,0,0,1,2,1
791,0,86.59,0,0,0,0,0,0,1,0,0,0,0,0,0,0,0,0,0,0,0,0,2,1
792,1,38.59,1,1,0,0,0,0,0,0,0,0,0,0,0,0,0,0,0,0,0,0,2,1
793,1,72.83,0,1,0,0,0,0,0,1,1,0,0,0,0,0,0,0,0,0,0,0,2,1
794,1,55.13,0,0,1,1,0,0,0,0,0,0,0,1,0,0,0,0,0,0,0,0,2,1
795,1,66.88,0,0,0,0,0,0,0,0,0,0,0,1,0,0,0,0,0,0,0,0,2,1
796,1,55.99,0,0,0,0,0,0,0,0,0,0,0,0,0,0,0,0,0,0,0,0,2,1
797,0,65.94,0,0,0,0,0,0,0,1,0,0,0,0,0,0,0,0,0,0,0,0,2,1
798,1,72.16,0,0,0,0,0,0,1,1,0,0,0,0,0,0,0,0,0,0,0,0,2,1
799,1,33.02,0,1,0,0,0,0,0,0,0,0,0,0,0,0,0,0,0,0,0,0,2,1
800,0,83.31,0,0,1,1,1,0,0,0,0,0,0,0,0,0,0,0,0,0,0,0,2,1
801,0,43.71,1,1,1,0,0,0,0,0,0,0,0,0,0,0,0,0,0,0,0,0,2,1
802,0,68.61,0,0,0,0,0,0,0,0,1,0,0,0,0,0,0,0,0,0,0,0,2,1
803,1,47.73,0,0,0,1,0,0,0,0,1,0,0,0,0,0,0,0,0,0,0,0,2,1
804,0,79.5,0,0,0,0,0,0,0,1,0,0,0,0,0,0,0,0,0,0,0,0,2,1
805,0,67.89,0,0,0,0,0,0,0,0,0,0,0,0,0,0,0,0,0,0,0,1,2,1
806,1,49.82,0,0,0,1,1,0,0,0,0,0,0,0,0,0,0,0,0,0,0,0,2,1
807,1,66.7,0,0,0,1,1,0,0,0,0,0,0,0,0,0,0,0,0,0,0,0,2,1
808,0,68.61,0,0,0,0,0,0,0,0,0,0,0,0,0,0,0,0,0,0,0,0,2,1
809,1,47.14,0,0,0,0,0,0,0,1,0,0,0,0,0,0,0,0,0,0,0,0,2,1
810,0,61.6,0,0,0,1,1,0,0,0,0,0,0,0,0,0,0,0,0,0,0,0,2,1
811,1,49.43,0,1,0,1,0,0,1,0,0,0,0,0,0,0,0,0,0,0,0,0,2,1
812,0,67.33,0,0,0,1,0,0,0,0,1,0,0,0,0,0,0,0,0,0,0,0,2,1
813,1,32.73,0,0,0,0,0,0,0,0,0,0,0,0,0,0,0,0,0,0,0,0,2,1
814,1,65.11,0,0,0,0,1,0,0,0,0,1,0,0,0,0,0,0,0,0,1,0,2,1
815,1,66.58,0,1,0,1,0,0,0,0,0,0,0,0,0,0,0,0,0,0,0,0,2,1
816,0,62.77,0,0,0,0,0,0,0,0,0,0,0,0,0,0,0,0,0,0,0,0,2,1
817,0,50.04,0,0,0,1,1,0,0,0,0,0,0,0,0,0,0,0,0,0,0,0,2,1
818,1,34.3,0,0,0,0,0,0,0,0,0,0,0,0,0,0,0,0,0,0,0,0,2,1
819,1,61.03,0,0,0,0,0,0,0,0,0,0,0,0,0,0,0,0,0,0,0,0,2,1
820,0,77.97,0,0,0,0,0,0,0,0,0,0,0,0,0,0,0,0,0,0,0,0,2,1
821,0,54.28,0,0,0,0,0,0,0,0,0,0,0,0,0,0,0,0,0,0,0,1,2,1
822,0,51.09,0,0,0,0,0,0,0,0,0,0,0,0,0,0,0,0,0,0,0,0,2,1
823,0,53.02,0,1,0,1,0,0,0,0,0,0,0,0,0,0,0,0,0,0,0,0,2,1
824,0,46.92,0,0,0,0,0,0,1,0,0,0,0,0,0,0,0,0,0,0,0,0,2,1
825,0,52.67,0,0,0,1,1,0,0,0,0,0,0,0,0,0,0,0,0,0,0,0,2,1
826,1,48.68,0,1,1,1,0,0,0,1,1,0,0,1,0,1,1,1,0,0,0,0,2,1
827,0,51.56,0,0,0,1,0,0,0,0,0,0,0,0,0,0,0,0,0,0,0,0,2,1
828,1,62.11,0,1,0,0,0,0,0,0,0,0,0,0,0,0,0,0,0,0,0,0,2,1
829,0,58.05,0,0,0,1,0,0,0,0,1,0,0,0,0,0,0,0,0,0,0,0,2,1
830,0,61.31,0,0,0,0,0,0,0,0,1,0,0,0,0,0,0,0,0,0,0,0,2,1
831,0,66.3,1,1,0,0,0,0,0,0,0,0,0,0,0,0,0,0,0,0,0,0,2,1
832,0,64.12,0,0,0,1,0,0,0,0,0,0,0,0,0,0,0,0,0,0,0,0,2,1
833,0,56.31,0,0,0,0,0,0,0,0,0,0,0,0,0,0,0,0,0,0,0,0,2,1
834,1,77.89,0,0,0,1,0,0,0,0,0,0,0,0,0,0,0,0,0,0,0,0,2,1
835,0,85.18,0,1,0,1,0,0,0,0,0,0,0,0,0,0,0,0,0,0,0,0,2,1
836,1,77.49,0,1,0,1,0,0,0,0,0,0,0,0,0,0,0,0,0,0,0,0,2,1
837,0,63.33,0,1,0,0,0,0,1,1,0,0,0,1,0,0,0,0,0,0,0,0,2,1
838,0,76.61,0,0,0,0,0,0,0,0,0,0,0,0,0,0,0,0,0,0,0,0,2,1
